-- Generated by tools/seeds/seed_agency_wiki.py — chat + feed backfill.
-- Idempotent: fixed uuid5 ids, ON CONFLICT DO NOTHING everywhere. Safe to re-run.
BEGIN;
INSERT INTO public.osionos_channels (id, workspace_id, kind, name, topic, created_by, is_private, abac, created_at, updated_at) VALUES ('6d34d98d-71f6-53e0-8fcb-3c4ca7375dbd', 'b1a0c1e5-0000-4000-a000-000000000001', 'text', 'general', 'Agency-wide announcements & day-to-day', 'faf9aeda-e21e-42ab-80be-9ce0fd8662a1', false, '{}'::jsonb, now() - interval '15 days', now()) ON CONFLICT (id) DO NOTHING;
INSERT INTO public.osionos_channel_members (channel_id, user_id, role, joined_at) VALUES ('6d34d98d-71f6-53e0-8fcb-3c4ca7375dbd', 'faf9aeda-e21e-42ab-80be-9ce0fd8662a1', 'owner', now() - interval '15 days') ON CONFLICT DO NOTHING;
INSERT INTO public.osionos_channel_members (channel_id, user_id, role, joined_at) VALUES ('6d34d98d-71f6-53e0-8fcb-3c4ca7375dbd', '9878850d-3024-4012-b03a-d3d7ccef377c', 'member', now() - interval '15 days') ON CONFLICT DO NOTHING;
INSERT INTO public.osionos_channel_members (channel_id, user_id, role, joined_at) VALUES ('6d34d98d-71f6-53e0-8fcb-3c4ca7375dbd', '9946155f-cfcb-4ad4-99a4-6b5ed49ad24c', 'member', now() - interval '15 days') ON CONFLICT DO NOTHING;
INSERT INTO public.osionos_channel_members (channel_id, user_id, role, joined_at) VALUES ('6d34d98d-71f6-53e0-8fcb-3c4ca7375dbd', '729e8625-6938-42aa-9f89-f4cdb4dab70e', 'member', now() - interval '15 days') ON CONFLICT DO NOTHING;
INSERT INTO public.osionos_channel_members (channel_id, user_id, role, joined_at) VALUES ('6d34d98d-71f6-53e0-8fcb-3c4ca7375dbd', '7d93f34c-0b8e-4e2c-91f1-acf03d8842e2', 'member', now() - interval '15 days') ON CONFLICT DO NOTHING;
INSERT INTO public.osionos_channel_members (channel_id, user_id, role, joined_at) VALUES ('6d34d98d-71f6-53e0-8fcb-3c4ca7375dbd', '4fdd8889-ee0d-41c9-adf3-ddcc9c71955f', 'member', now() - interval '15 days') ON CONFLICT DO NOTHING;
INSERT INTO public.osionos_channel_members (channel_id, user_id, role, joined_at) VALUES ('6d34d98d-71f6-53e0-8fcb-3c4ca7375dbd', '88e73a58-ffa3-4601-9be2-aaeb6559af28', 'member', now() - interval '15 days') ON CONFLICT DO NOTHING;
INSERT INTO public.osionos_channel_members (channel_id, user_id, role, joined_at) VALUES ('6d34d98d-71f6-53e0-8fcb-3c4ca7375dbd', 'a3cefadb-2668-4f12-830c-14518e0a08f3', 'member', now() - interval '15 days') ON CONFLICT DO NOTHING;
INSERT INTO public.osionos_channel_members (channel_id, user_id, role, joined_at) VALUES ('6d34d98d-71f6-53e0-8fcb-3c4ca7375dbd', '7ba66e73-e7aa-4cba-a39c-8b0e43c06ec3', 'member', now() - interval '15 days') ON CONFLICT DO NOTHING;
INSERT INTO public.osionos_channel_members (channel_id, user_id, role, joined_at) VALUES ('6d34d98d-71f6-53e0-8fcb-3c4ca7375dbd', '5540b1cb-b294-414d-a2c4-03087dd44a91', 'member', now() - interval '15 days') ON CONFLICT DO NOTHING;
INSERT INTO public.osionos_channel_members (channel_id, user_id, role, joined_at) VALUES ('6d34d98d-71f6-53e0-8fcb-3c4ca7375dbd', '39072d25-7ed8-442d-a26b-e93771ba9192', 'member', now() - interval '15 days') ON CONFLICT DO NOTHING;
INSERT INTO public.osionos_channel_members (channel_id, user_id, role, joined_at) VALUES ('6d34d98d-71f6-53e0-8fcb-3c4ca7375dbd', '4128e6d8-3a8a-48c7-bb96-cf8cf0ff6aa2', 'member', now() - interval '15 days') ON CONFLICT DO NOTHING;
INSERT INTO public.osionos_channel_members (channel_id, user_id, role, joined_at) VALUES ('6d34d98d-71f6-53e0-8fcb-3c4ca7375dbd', 'fb1bbb39-0d85-4bc5-ae58-2ad5a6079d57', 'member', now() - interval '15 days') ON CONFLICT DO NOTHING;
INSERT INTO public.osionos_channel_members (channel_id, user_id, role, joined_at) VALUES ('6d34d98d-71f6-53e0-8fcb-3c4ca7375dbd', 'b371611d-139f-454b-9195-2b655e1fe8a6', 'member', now() - interval '15 days') ON CONFLICT DO NOTHING;
INSERT INTO public.osionos_channel_members (channel_id, user_id, role, joined_at) VALUES ('6d34d98d-71f6-53e0-8fcb-3c4ca7375dbd', 'ccbcc0cf-f94c-469c-8943-d9aeebf0140e', 'member', now() - interval '15 days') ON CONFLICT DO NOTHING;
INSERT INTO public.osionos_channel_members (channel_id, user_id, role, joined_at) VALUES ('6d34d98d-71f6-53e0-8fcb-3c4ca7375dbd', '920b7e0b-a87d-400d-8169-f2f521bfe5ad', 'member', now() - interval '15 days') ON CONFLICT DO NOTHING;
INSERT INTO public.osionos_channel_members (channel_id, user_id, role, joined_at) VALUES ('6d34d98d-71f6-53e0-8fcb-3c4ca7375dbd', 'edf4ac74-3e63-49cc-8bbb-71d9aa3c09b0', 'member', now() - interval '15 days') ON CONFLICT DO NOTHING;
INSERT INTO public.osionos_channel_members (channel_id, user_id, role, joined_at) VALUES ('6d34d98d-71f6-53e0-8fcb-3c4ca7375dbd', '99389d8f-5186-4bbb-a426-faf8fb91bc69', 'member', now() - interval '15 days') ON CONFLICT DO NOTHING;
INSERT INTO public.osionos_channel_members (channel_id, user_id, role, joined_at) VALUES ('6d34d98d-71f6-53e0-8fcb-3c4ca7375dbd', 'e100fa34-6da5-4212-863b-55d041585e96', 'member', now() - interval '15 days') ON CONFLICT DO NOTHING;
INSERT INTO public.osionos_channel_members (channel_id, user_id, role, joined_at) VALUES ('6d34d98d-71f6-53e0-8fcb-3c4ca7375dbd', 'fc15e717-3cdf-4862-abce-8ea2e3be771f', 'member', now() - interval '15 days') ON CONFLICT DO NOTHING;
INSERT INTO public.osionos_channel_members (channel_id, user_id, role, joined_at) VALUES ('6d34d98d-71f6-53e0-8fcb-3c4ca7375dbd', '7dabcb4d-8c96-4968-bb4d-34b8e5364274', 'member', now() - interval '15 days') ON CONFLICT DO NOTHING;
INSERT INTO public.osionos_channels (id, workspace_id, kind, name, topic, created_by, is_private, abac, created_at, updated_at) VALUES ('dd1a79bc-d1f4-5f9b-a303-a0993459fd0b', 'b1a0c1e5-0000-4000-a000-000000000001', 'text', 'case-ops', 'Operational coordination across live cases', '9878850d-3024-4012-b03a-d3d7ccef377c', false, '{}'::jsonb, now() - interval '15 days', now()) ON CONFLICT (id) DO NOTHING;
INSERT INTO public.osionos_channel_members (channel_id, user_id, role, joined_at) VALUES ('dd1a79bc-d1f4-5f9b-a303-a0993459fd0b', 'faf9aeda-e21e-42ab-80be-9ce0fd8662a1', 'member', now() - interval '15 days') ON CONFLICT DO NOTHING;
INSERT INTO public.osionos_channel_members (channel_id, user_id, role, joined_at) VALUES ('dd1a79bc-d1f4-5f9b-a303-a0993459fd0b', '9878850d-3024-4012-b03a-d3d7ccef377c', 'owner', now() - interval '15 days') ON CONFLICT DO NOTHING;
INSERT INTO public.osionos_channel_members (channel_id, user_id, role, joined_at) VALUES ('dd1a79bc-d1f4-5f9b-a303-a0993459fd0b', '9946155f-cfcb-4ad4-99a4-6b5ed49ad24c', 'member', now() - interval '15 days') ON CONFLICT DO NOTHING;
INSERT INTO public.osionos_channel_members (channel_id, user_id, role, joined_at) VALUES ('dd1a79bc-d1f4-5f9b-a303-a0993459fd0b', '729e8625-6938-42aa-9f89-f4cdb4dab70e', 'member', now() - interval '15 days') ON CONFLICT DO NOTHING;
INSERT INTO public.osionos_channel_members (channel_id, user_id, role, joined_at) VALUES ('dd1a79bc-d1f4-5f9b-a303-a0993459fd0b', '7d93f34c-0b8e-4e2c-91f1-acf03d8842e2', 'member', now() - interval '15 days') ON CONFLICT DO NOTHING;
INSERT INTO public.osionos_channel_members (channel_id, user_id, role, joined_at) VALUES ('dd1a79bc-d1f4-5f9b-a303-a0993459fd0b', '4fdd8889-ee0d-41c9-adf3-ddcc9c71955f', 'member', now() - interval '15 days') ON CONFLICT DO NOTHING;
INSERT INTO public.osionos_channel_members (channel_id, user_id, role, joined_at) VALUES ('dd1a79bc-d1f4-5f9b-a303-a0993459fd0b', '88e73a58-ffa3-4601-9be2-aaeb6559af28', 'member', now() - interval '15 days') ON CONFLICT DO NOTHING;
INSERT INTO public.osionos_channel_members (channel_id, user_id, role, joined_at) VALUES ('dd1a79bc-d1f4-5f9b-a303-a0993459fd0b', 'a3cefadb-2668-4f12-830c-14518e0a08f3', 'member', now() - interval '15 days') ON CONFLICT DO NOTHING;
INSERT INTO public.osionos_channel_members (channel_id, user_id, role, joined_at) VALUES ('dd1a79bc-d1f4-5f9b-a303-a0993459fd0b', '7ba66e73-e7aa-4cba-a39c-8b0e43c06ec3', 'member', now() - interval '15 days') ON CONFLICT DO NOTHING;
INSERT INTO public.osionos_channel_members (channel_id, user_id, role, joined_at) VALUES ('dd1a79bc-d1f4-5f9b-a303-a0993459fd0b', '5540b1cb-b294-414d-a2c4-03087dd44a91', 'member', now() - interval '15 days') ON CONFLICT DO NOTHING;
INSERT INTO public.osionos_channel_members (channel_id, user_id, role, joined_at) VALUES ('dd1a79bc-d1f4-5f9b-a303-a0993459fd0b', '39072d25-7ed8-442d-a26b-e93771ba9192', 'member', now() - interval '15 days') ON CONFLICT DO NOTHING;
INSERT INTO public.osionos_channels (id, workspace_id, kind, name, topic, created_by, is_private, abac, created_at, updated_at) VALUES ('394d18f9-8646-5b63-a003-454d2604085b', 'b1a0c1e5-0000-4000-a000-000000000001', 'text', 'intel-analysts', 'Analysis threads — patterns, graphs, dashboards', '4128e6d8-3a8a-48c7-bb96-cf8cf0ff6aa2', false, '{}'::jsonb, now() - interval '15 days', now()) ON CONFLICT (id) DO NOTHING;
INSERT INTO public.osionos_channel_members (channel_id, user_id, role, joined_at) VALUES ('394d18f9-8646-5b63-a003-454d2604085b', '4128e6d8-3a8a-48c7-bb96-cf8cf0ff6aa2', 'owner', now() - interval '15 days') ON CONFLICT DO NOTHING;
INSERT INTO public.osionos_channel_members (channel_id, user_id, role, joined_at) VALUES ('394d18f9-8646-5b63-a003-454d2604085b', 'fb1bbb39-0d85-4bc5-ae58-2ad5a6079d57', 'member', now() - interval '15 days') ON CONFLICT DO NOTHING;
INSERT INTO public.osionos_channel_members (channel_id, user_id, role, joined_at) VALUES ('394d18f9-8646-5b63-a003-454d2604085b', 'b371611d-139f-454b-9195-2b655e1fe8a6', 'member', now() - interval '15 days') ON CONFLICT DO NOTHING;
INSERT INTO public.osionos_channel_members (channel_id, user_id, role, joined_at) VALUES ('394d18f9-8646-5b63-a003-454d2604085b', 'faf9aeda-e21e-42ab-80be-9ce0fd8662a1', 'member', now() - interval '15 days') ON CONFLICT DO NOTHING;
INSERT INTO public.osionos_channel_members (channel_id, user_id, role, joined_at) VALUES ('394d18f9-8646-5b63-a003-454d2604085b', '9878850d-3024-4012-b03a-d3d7ccef377c', 'member', now() - interval '15 days') ON CONFLICT DO NOTHING;
INSERT INTO public.osionos_channels (id, workspace_id, kind, name, topic, created_by, is_private, abac, created_at, updated_at) VALUES ('238832b0-ba44-52f2-bfa1-a73980f4da06', 'b1a0c1e5-0000-4000-a000-000000000001', 'text', 'field', 'Field & surveillance — rotations, sightings, logistics', 'a3cefadb-2668-4f12-830c-14518e0a08f3', false, '{}'::jsonb, now() - interval '15 days', now()) ON CONFLICT (id) DO NOTHING;
INSERT INTO public.osionos_channel_members (channel_id, user_id, role, joined_at) VALUES ('238832b0-ba44-52f2-bfa1-a73980f4da06', 'a3cefadb-2668-4f12-830c-14518e0a08f3', 'owner', now() - interval '15 days') ON CONFLICT DO NOTHING;
INSERT INTO public.osionos_channel_members (channel_id, user_id, role, joined_at) VALUES ('238832b0-ba44-52f2-bfa1-a73980f4da06', '7ba66e73-e7aa-4cba-a39c-8b0e43c06ec3', 'member', now() - interval '15 days') ON CONFLICT DO NOTHING;
INSERT INTO public.osionos_channel_members (channel_id, user_id, role, joined_at) VALUES ('238832b0-ba44-52f2-bfa1-a73980f4da06', '5540b1cb-b294-414d-a2c4-03087dd44a91', 'member', now() - interval '15 days') ON CONFLICT DO NOTHING;
INSERT INTO public.osionos_channel_members (channel_id, user_id, role, joined_at) VALUES ('238832b0-ba44-52f2-bfa1-a73980f4da06', '39072d25-7ed8-442d-a26b-e93771ba9192', 'member', now() - interval '15 days') ON CONFLICT DO NOTHING;
INSERT INTO public.osionos_channel_members (channel_id, user_id, role, joined_at) VALUES ('238832b0-ba44-52f2-bfa1-a73980f4da06', 'edf4ac74-3e63-49cc-8bbb-71d9aa3c09b0', 'member', now() - interval '15 days') ON CONFLICT DO NOTHING;
INSERT INTO public.osionos_channel_members (channel_id, user_id, role, joined_at) VALUES ('238832b0-ba44-52f2-bfa1-a73980f4da06', '99389d8f-5186-4bbb-a426-faf8fb91bc69', 'member', now() - interval '15 days') ON CONFLICT DO NOTHING;
INSERT INTO public.osionos_channel_members (channel_id, user_id, role, joined_at) VALUES ('238832b0-ba44-52f2-bfa1-a73980f4da06', '9946155f-cfcb-4ad4-99a4-6b5ed49ad24c', 'member', now() - interval '15 days') ON CONFLICT DO NOTHING;
INSERT INTO public.osionos_channel_members (channel_id, user_id, role, joined_at) VALUES ('238832b0-ba44-52f2-bfa1-a73980f4da06', '729e8625-6938-42aa-9f89-f4cdb4dab70e', 'member', now() - interval '15 days') ON CONFLICT DO NOTHING;
INSERT INTO public.osionos_channels (id, workspace_id, kind, name, topic, created_by, is_private, abac, created_at, updated_at) VALUES ('5c1aeaa7-fecc-50ab-b399-c80b3cd0e225', 'b1a0c1e5-0000-4000-a000-000000000001', 'video', 'War Room', 'Live command coordination (video)', 'faf9aeda-e21e-42ab-80be-9ce0fd8662a1', true, '{}'::jsonb, now() - interval '15 days', now()) ON CONFLICT (id) DO NOTHING;
INSERT INTO public.osionos_channel_members (channel_id, user_id, role, joined_at) VALUES ('5c1aeaa7-fecc-50ab-b399-c80b3cd0e225', 'faf9aeda-e21e-42ab-80be-9ce0fd8662a1', 'owner', now() - interval '15 days') ON CONFLICT DO NOTHING;
INSERT INTO public.osionos_channel_members (channel_id, user_id, role, joined_at) VALUES ('5c1aeaa7-fecc-50ab-b399-c80b3cd0e225', '9878850d-3024-4012-b03a-d3d7ccef377c', 'member', now() - interval '15 days') ON CONFLICT DO NOTHING;
INSERT INTO public.osionos_channel_members (channel_id, user_id, role, joined_at) VALUES ('5c1aeaa7-fecc-50ab-b399-c80b3cd0e225', '9946155f-cfcb-4ad4-99a4-6b5ed49ad24c', 'member', now() - interval '15 days') ON CONFLICT DO NOTHING;
INSERT INTO public.osionos_channel_members (channel_id, user_id, role, joined_at) VALUES ('5c1aeaa7-fecc-50ab-b399-c80b3cd0e225', '729e8625-6938-42aa-9f89-f4cdb4dab70e', 'member', now() - interval '15 days') ON CONFLICT DO NOTHING;
INSERT INTO public.osionos_channels (id, workspace_id, kind, name, created_by, is_private, abac, dm_key, created_at, updated_at) VALUES ('38c085ea-b0f7-58a7-bb4e-319f272b9a73', 'b1a0c1e5-0000-4000-a000-000000000001', 'dm', 'Erik Johansson & Priya Sharma', '4128e6d8-3a8a-48c7-bb96-cf8cf0ff6aa2', true, '{}'::jsonb, 'dm:4128e6d8-3a8a-48c7-bb96-cf8cf0ff6aa2:fb1bbb39-0d85-4bc5-ae58-2ad5a6079d57', now() - interval '13 days', now()) ON CONFLICT (dm_key) DO NOTHING;
INSERT INTO public.osionos_channel_members (channel_id, user_id, role, joined_at) SELECT id, '4128e6d8-3a8a-48c7-bb96-cf8cf0ff6aa2', 'member', now() - interval '13 days' FROM public.osionos_channels WHERE dm_key = 'dm:4128e6d8-3a8a-48c7-bb96-cf8cf0ff6aa2:fb1bbb39-0d85-4bc5-ae58-2ad5a6079d57' ON CONFLICT DO NOTHING;
INSERT INTO public.osionos_channel_members (channel_id, user_id, role, joined_at) SELECT id, 'fb1bbb39-0d85-4bc5-ae58-2ad5a6079d57', 'member', now() - interval '13 days' FROM public.osionos_channels WHERE dm_key = 'dm:4128e6d8-3a8a-48c7-bb96-cf8cf0ff6aa2:fb1bbb39-0d85-4bc5-ae58-2ad5a6079d57' ON CONFLICT DO NOTHING;
INSERT INTO public.osionos_channels (id, workspace_id, kind, name, created_by, is_private, abac, dm_key, created_at, updated_at) VALUES ('e9526689-3baa-579a-8fd6-7ac3b18b7bc3', 'b1a0c1e5-0000-4000-a000-000000000001', 'dm', 'Marcus Reed & Sofia Lindqvist', '9878850d-3024-4012-b03a-d3d7ccef377c', true, '{}'::jsonb, 'dm:9878850d-3024-4012-b03a-d3d7ccef377c:9946155f-cfcb-4ad4-99a4-6b5ed49ad24c', now() - interval '13 days', now()) ON CONFLICT (dm_key) DO NOTHING;
INSERT INTO public.osionos_channel_members (channel_id, user_id, role, joined_at) SELECT id, '9878850d-3024-4012-b03a-d3d7ccef377c', 'member', now() - interval '13 days' FROM public.osionos_channels WHERE dm_key = 'dm:9878850d-3024-4012-b03a-d3d7ccef377c:9946155f-cfcb-4ad4-99a4-6b5ed49ad24c' ON CONFLICT DO NOTHING;
INSERT INTO public.osionos_channel_members (channel_id, user_id, role, joined_at) SELECT id, '9946155f-cfcb-4ad4-99a4-6b5ed49ad24c', 'member', now() - interval '13 days' FROM public.osionos_channels WHERE dm_key = 'dm:9878850d-3024-4012-b03a-d3d7ccef377c:9946155f-cfcb-4ad4-99a4-6b5ed49ad24c' ON CONFLICT DO NOTHING;
INSERT INTO public.osionos_channels (id, workspace_id, kind, name, created_by, is_private, abac, dm_key, created_at, updated_at) VALUES ('19e35bf0-a9b1-54f4-b8e8-6ecec41891d6', 'b1a0c1e5-0000-4000-a000-000000000001', 'dm', 'Jack Sullivan & Grace Liu', 'a3cefadb-2668-4f12-830c-14518e0a08f3', true, '{}'::jsonb, 'dm:a3cefadb-2668-4f12-830c-14518e0a08f3:edf4ac74-3e63-49cc-8bbb-71d9aa3c09b0', now() - interval '13 days', now()) ON CONFLICT (dm_key) DO NOTHING;
INSERT INTO public.osionos_channel_members (channel_id, user_id, role, joined_at) SELECT id, 'a3cefadb-2668-4f12-830c-14518e0a08f3', 'member', now() - interval '13 days' FROM public.osionos_channels WHERE dm_key = 'dm:a3cefadb-2668-4f12-830c-14518e0a08f3:edf4ac74-3e63-49cc-8bbb-71d9aa3c09b0' ON CONFLICT DO NOTHING;
INSERT INTO public.osionos_channel_members (channel_id, user_id, role, joined_at) SELECT id, 'edf4ac74-3e63-49cc-8bbb-71d9aa3c09b0', 'member', now() - interval '13 days' FROM public.osionos_channels WHERE dm_key = 'dm:a3cefadb-2668-4f12-830c-14518e0a08f3:edf4ac74-3e63-49cc-8bbb-71d9aa3c09b0' ON CONFLICT DO NOTHING;
INSERT INTO public.osionos_channels (id, workspace_id, kind, name, created_by, is_private, abac, dm_key, created_at, updated_at) VALUES ('a9410362-e483-5fa1-b30d-a5bff09758b2', 'b1a0c1e5-0000-4000-a000-000000000001', 'dm', 'Helena Voss & Marcus Reed', 'faf9aeda-e21e-42ab-80be-9ce0fd8662a1', true, '{}'::jsonb, 'dm:9878850d-3024-4012-b03a-d3d7ccef377c:faf9aeda-e21e-42ab-80be-9ce0fd8662a1', now() - interval '13 days', now()) ON CONFLICT (dm_key) DO NOTHING;
INSERT INTO public.osionos_channel_members (channel_id, user_id, role, joined_at) SELECT id, 'faf9aeda-e21e-42ab-80be-9ce0fd8662a1', 'member', now() - interval '13 days' FROM public.osionos_channels WHERE dm_key = 'dm:9878850d-3024-4012-b03a-d3d7ccef377c:faf9aeda-e21e-42ab-80be-9ce0fd8662a1' ON CONFLICT DO NOTHING;
INSERT INTO public.osionos_channel_members (channel_id, user_id, role, joined_at) SELECT id, '9878850d-3024-4012-b03a-d3d7ccef377c', 'member', now() - interval '13 days' FROM public.osionos_channels WHERE dm_key = 'dm:9878850d-3024-4012-b03a-d3d7ccef377c:faf9aeda-e21e-42ab-80be-9ce0fd8662a1' ON CONFLICT DO NOTHING;
INSERT INTO public.osionos_messages (id, channel_id, author_id, content, attachments, created_at, edited_at) VALUES ('c3bb4b25-fdc9-5a23-a1cf-d421483efe5b', '6d34d98d-71f6-53e0-8fcb-3c4ca7375dbd', 'faf9aeda-e21e-42ab-80be-9ce0fd8662a1', 'Welcome to the Binocle org workspace, everyone. The 📖 Agency Handbook is live — SOPs, custody protocol, clearance policy and the onboarding checklist. Read it this week.', '[]'::jsonb, now() - interval '19785 minutes', NULL) ON CONFLICT (id) DO NOTHING;
INSERT INTO public.osionos_messages (id, channel_id, author_id, content, attachments, created_at, edited_at) VALUES ('f35d6df8-0275-5bdd-a2b5-3c36b3724f06', '6d34d98d-71f6-53e0-8fcb-3c4ca7375dbd', '9878850d-3024-4012-b03a-d3d7ccef377c', 'Clearance Levels & Access Policy is the one to internalise — the masks you see in the live tables are explained there.', '[]'::jsonb, now() - interval '19783 minutes', NULL) ON CONFLICT (id) DO NOTHING;
INSERT INTO public.osionos_messages (id, channel_id, author_id, content, attachments, created_at, edited_at) VALUES ('e505238a-957c-58f1-9654-11b0bef74f9e', '6d34d98d-71f6-53e0-8fcb-3c4ca7375dbd', '7dabcb4d-8c96-4968-bb4d-34b8e5364274', 'If a table renders `••••` where you expect a number, that is ABAC, not a bug. Elevation requests go through your case manager, not IT.', '[]'::jsonb, now() - interval '19777 minutes', NULL) ON CONFLICT (id) DO NOTHING;
INSERT INTO public.osionos_messages (id, channel_id, author_id, content, attachments, created_at, edited_at) VALUES ('358e03c1-e305-597c-aa33-a77fad4c2dab', '6d34d98d-71f6-53e0-8fcb-3c4ca7375dbd', '7ba66e73-e7aa-4cba-a39c-8b0e43c06ec3', 'Handbook looks great. The custody protocol toggle about common mistakes should be mandatory reading.', '[]'::jsonb, now() - interval '19774 minutes', NULL) ON CONFLICT (id) DO NOTHING;
INSERT INTO public.osionos_messages (id, channel_id, author_id, content, attachments, created_at, edited_at) VALUES ('418cad79-bc41-5d8c-bf4c-657a9286663c', '6d34d98d-71f6-53e0-8fcb-3c4ca7375dbd', 'ccbcc0cf-f94c-469c-8943-d9aeebf0140e', 'It is now. Custody quiz moves to Fridays, first session this week.', '[]'::jsonb, now() - interval '19772 minutes', NULL) ON CONFLICT (id) DO NOTHING;
INSERT INTO public.osionos_messages (id, channel_id, author_id, content, attachments, created_at, edited_at) VALUES ('5075b219-3fb6-5907-a795-4479bb3b731d', '6d34d98d-71f6-53e0-8fcb-3c4ca7375dbd', '9946155f-cfcb-4ad4-99a4-6b5ed49ad24c', 'Reminder: case board triage every Monday 10:00. Mission Control page has the live board embedded — statuses must be accurate before the meeting.', '[]'::jsonb, now() - interval '19478 minutes', NULL) ON CONFLICT (id) DO NOTHING;
INSERT INTO public.osionos_messages (id, channel_id, author_id, content, attachments, created_at, edited_at) VALUES ('73107038-baff-5d28-8443-d2055a6f4b21', '6d34d98d-71f6-53e0-8fcb-3c4ca7375dbd', '729e8625-6938-42aa-9f89-f4cdb4dab70e', 'NA cases are triaged. Broken Compass stays open-high; Tom has the conn.', '[]'::jsonb, now() - interval '19472 minutes', NULL) ON CONFLICT (id) DO NOTHING;
INSERT INTO public.osionos_messages (id, channel_id, author_id, content, attachments, created_at, edited_at) VALUES ('f25474a0-68a8-5d36-94a2-e04b0f5e8d53', '6d34d98d-71f6-53e0-8fcb-3c4ca7375dbd', '5540b1cb-b294-414d-a2c4-03087dd44a91', 'Ack. Wiki updated with the Kestrel Marine angle.', '[]'::jsonb, now() - interval '19469 minutes', NULL) ON CONFLICT (id) DO NOTHING;
INSERT INTO public.osionos_messages (id, channel_id, author_id, content, attachments, created_at, edited_at) VALUES ('acb3c72d-1311-57da-9f91-2e16ce6e1b12', '6d34d98d-71f6-53e0-8fcb-3c4ca7375dbd', '7dabcb4d-8c96-4968-bb4d-34b8e5364274', 'Maintenance window tonight 22:00–22:30 CET: gateway certs rotate. Sessions survive, video calls will drop for ~2 minutes.', '[]'::jsonb, now() - interval '19097 minutes', now() - interval '19088 minutes') ON CONFLICT (id) DO NOTHING;
INSERT INTO public.osionos_messages (id, channel_id, author_id, content, attachments, created_at, edited_at) VALUES ('3b48a19c-b5f3-507e-8e0f-b9c6c03801fd', '6d34d98d-71f6-53e0-8fcb-3c4ca7375dbd', '99389d8f-5186-4bbb-a426-faf8fb91bc69', 'Noted — we''ll keep the static post on radio during the window.', '[]'::jsonb, now() - interval '19094 minutes', NULL) ON CONFLICT (id) DO NOTHING;
INSERT INTO public.osionos_messages (id, channel_id, author_id, content, attachments, created_at, edited_at) VALUES ('23e9aa6d-38b2-5d57-bf5a-04796e931583', '6d34d98d-71f6-53e0-8fcb-3c4ca7375dbd', '7dabcb4d-8c96-4968-bb4d-34b8e5364274', 'Done early. All services green.', '[]'::jsonb, now() - interval '19089 minutes', NULL) ON CONFLICT (id) DO NOTHING;
INSERT INTO public.osionos_messages (id, channel_id, author_id, content, attachments, created_at, edited_at) VALUES ('6bd7f1b4-00c9-59fa-b86c-b5dc2380bb76', '6d34d98d-71f6-53e0-8fcb-3c4ca7375dbd', 'e100fa34-6da5-4212-863b-55d041585e96', 'Legal reminder: anything classified *privileged* (lawyer–client intercepts) does not get quoted in chat, wikis, or reports. Reference the COMM id and route through me.', '[]'::jsonb, now() - interval '18733 minutes', NULL) ON CONFLICT (id) DO NOTHING;
INSERT INTO public.osionos_messages (id, channel_id, author_id, content, attachments, created_at, edited_at) VALUES ('aaac0cc8-2d2c-5755-bcf4-a157cd7d4a99', '6d34d98d-71f6-53e0-8fcb-3c4ca7375dbd', 'a3cefadb-2668-4f12-830c-14518e0a08f3', 'Ash Garden team is aware — all surveillance product on Petrov goes through your screen first.', '[]'::jsonb, now() - interval '18728 minutes', NULL) ON CONFLICT (id) DO NOTHING;
INSERT INTO public.osionos_messages (id, channel_id, author_id, content, attachments, created_at, edited_at) VALUES ('045654c1-f792-591d-b023-cf8bbb7b00c1', '6d34d98d-71f6-53e0-8fcb-3c4ca7375dbd', 'e100fa34-6da5-4212-863b-55d041585e96', 'Appreciated. Same applies to COMM-0139 on Nightfall.', '[]'::jsonb, now() - interval '18726 minutes', NULL) ON CONFLICT (id) DO NOTHING;
INSERT INTO public.osionos_messages (id, channel_id, author_id, content, attachments, created_at, edited_at) VALUES ('c0bae524-af17-5003-9352-1e3e2c470635', '6d34d98d-71f6-53e0-8fcb-3c4ca7375dbd', '920b7e0b-a87d-400d-8169-f2f521bfe5ad', 'Evidence Gallery pages are up: Financial, Digital, Surveillance, Documents + the Q2 custody audit. Sanitised scans only — the live register stays the record.', '[]'::jsonb, now() - interval '18348 minutes', NULL) ON CONFLICT (id) DO NOTHING;
INSERT INTO public.osionos_messages (id, channel_id, author_id, content, attachments, created_at, edited_at) VALUES ('a7268e1c-e08d-5be4-ab7b-dee3a15aecb2', '6d34d98d-71f6-53e0-8fcb-3c4ca7375dbd', 'edf4ac74-3e63-49cc-8bbb-71d9aa3c09b0', 'The quarantine flag on EV-0055 is very visible. Good.', '[]'::jsonb, now() - interval '18342 minutes', NULL) ON CONFLICT (id) DO NOTHING;
INSERT INTO public.osionos_messages (id, channel_id, author_id, content, attachments, created_at, edited_at) VALUES ('346a190e-c654-5c34-80d2-651dce594a4d', '6d34d98d-71f6-53e0-8fcb-3c4ca7375dbd', 'ccbcc0cf-f94c-469c-8943-d9aeebf0140e', 'That''s the point. Deep verification is running; update lands on the audit page.', '[]'::jsonb, now() - interval '18336 minutes', NULL) ON CONFLICT (id) DO NOTHING;
INSERT INTO public.osionos_messages (id, channel_id, author_id, content, attachments, created_at, edited_at) VALUES ('0dfffc47-ba3a-568d-b6c8-6206dc1a848b', '6d34d98d-71f6-53e0-8fcb-3c4ca7375dbd', 'fc15e717-3cdf-4862-abce-8ea2e3be771f', 'Finance note: Q2 budget reconciliation needs case budgets confirmed by Thursday. Case managers, check your rows on the live board.', '[]'::jsonb, now() - interval '17970 minutes', NULL) ON CONFLICT (id) DO NOTHING;
INSERT INTO public.osionos_messages (id, channel_id, author_id, content, attachments, created_at, edited_at) VALUES ('fc54f9c4-a9c0-5b89-bc0d-652ff6a4a03d', '6d34d98d-71f6-53e0-8fcb-3c4ca7375dbd', '9946155f-cfcb-4ad4-99a4-6b5ed49ad24c', 'EU cases confirmed.', '[]'::jsonb, now() - interval '17966 minutes', NULL) ON CONFLICT (id) DO NOTHING;
INSERT INTO public.osionos_messages (id, channel_id, author_id, content, attachments, created_at, edited_at) VALUES ('22e298ef-460f-57a2-b4fe-0e4ba35f5f7a', '6d34d98d-71f6-53e0-8fcb-3c4ca7375dbd', '729e8625-6938-42aa-9f89-f4cdb4dab70e', 'NA confirmed.', '[]'::jsonb, now() - interval '17962 minutes', NULL) ON CONFLICT (id) DO NOTHING;
INSERT INTO public.osionos_messages (id, channel_id, author_id, content, attachments, created_at, edited_at) VALUES ('f19a9f88-1b3c-5772-8f91-cdb5ab6e609b', '6d34d98d-71f6-53e0-8fcb-3c4ca7375dbd', 'fc15e717-3cdf-4862-abce-8ea2e3be771f', 'Thanks both. Quiet Storm''s budget line moves to critical-priority pool.', '[]'::jsonb, now() - interval '17957 minutes', NULL) ON CONFLICT (id) DO NOTHING;
INSERT INTO public.osionos_messages (id, channel_id, author_id, content, attachments, created_at, edited_at) VALUES ('f7717ac0-0539-55db-b783-01c1f05c4509', '6d34d98d-71f6-53e0-8fcb-3c4ca7375dbd', '39072d25-7ed8-442d-a26b-e93771ba9192', 'The espresso machine on 3 is doing the thing again where it dispenses sadness.', '[]'::jsonb, now() - interval '17640 minutes', NULL) ON CONFLICT (id) DO NOTHING;
INSERT INTO public.osionos_messages (id, channel_id, author_id, content, attachments, created_at, edited_at) VALUES ('25900c31-bcbe-5ee7-8a41-9c24aceb1102', '6d34d98d-71f6-53e0-8fcb-3c4ca7375dbd', '5540b1cb-b294-414d-a2c4-03087dd44a91', 'Filed under: cold case.', '[]'::jsonb, now() - interval '17636 minutes', NULL) ON CONFLICT (id) DO NOTHING;
INSERT INTO public.osionos_messages (id, channel_id, author_id, content, attachments, created_at, edited_at) VALUES ('f11e280b-6d33-51e5-a18b-c563d4a2ff3f', '6d34d98d-71f6-53e0-8fcb-3c4ca7375dbd', '7dabcb4d-8c96-4968-bb4d-34b8e5364274', 'I fixed the firmware once. I will not be doing that again.', '[]'::jsonb, now() - interval '17634 minutes', NULL) ON CONFLICT (id) DO NOTHING;
INSERT INTO public.osionos_messages (id, channel_id, author_id, content, attachments, created_at, edited_at) VALUES ('39327a0e-98f8-5f04-b84b-caff0573b592', '6d34d98d-71f6-53e0-8fcb-3c4ca7375dbd', 'faf9aeda-e21e-42ab-80be-9ce0fd8662a1', 'Procurement of a new machine is approved before someone opens an operation on it.', '[]'::jsonb, now() - interval '17628 minutes', NULL) ON CONFLICT (id) DO NOTHING;
INSERT INTO public.osionos_messages (id, channel_id, author_id, content, attachments, created_at, edited_at) VALUES ('cb6b6b22-70a9-51f0-8504-6194f14c29b1', '6d34d98d-71f6-53e0-8fcb-3c4ca7375dbd', '7d93f34c-0b8e-4e2c-91f1-acf03d8842e2', 'APAC sync moves to 08:00 CET on Wednesdays so Priya and I overlap with the EU morning.', '[]'::jsonb, now() - interval '17296 minutes', NULL) ON CONFLICT (id) DO NOTHING;
INSERT INTO public.osionos_messages (id, channel_id, author_id, content, attachments, created_at, edited_at) VALUES ('6f7adfc9-26e8-55d5-9dca-3a3eb0e6ea18', '6d34d98d-71f6-53e0-8fcb-3c4ca7375dbd', 'fb1bbb39-0d85-4bc5-ae58-2ad5a6079d57', 'Works for me — calendar updated.', '[]'::jsonb, now() - interval '17290 minutes', NULL) ON CONFLICT (id) DO NOTHING;
INSERT INTO public.osionos_messages (id, channel_id, author_id, content, attachments, created_at, edited_at) VALUES ('6b48e353-d29f-58bf-b7e4-19b5906c4de1', '6d34d98d-71f6-53e0-8fcb-3c4ca7375dbd', '9878850d-3024-4012-b03a-d3d7ccef377c', 'All-hands Friday 15:00: Red Meridian referral status, Nightfall progress, and the Q2 custody findings. War Room for command, stream for everyone else.', '[]'::jsonb, now() - interval '16961 minutes', NULL) ON CONFLICT (id) DO NOTHING;
INSERT INTO public.osionos_messages (id, channel_id, author_id, content, attachments, created_at, edited_at) VALUES ('ff47fb56-642e-5092-b802-b99c8e7322d5', '6d34d98d-71f6-53e0-8fcb-3c4ca7375dbd', '88e73a58-ffa3-4601-9be2-aaeb6559af28', 'Will the custody refresher be scheduled there too?', '[]'::jsonb, now() - interval '16956 minutes', NULL) ON CONFLICT (id) DO NOTHING;
INSERT INTO public.osionos_messages (id, channel_id, author_id, content, attachments, created_at, edited_at) VALUES ('553d3b4e-42e5-568c-ade7-84ec322033ae', '6d34d98d-71f6-53e0-8fcb-3c4ca7375dbd', 'ccbcc0cf-f94c-469c-8943-d9aeebf0140e', 'Yes — transport couriers first, everyone else within the month.', '[]'::jsonb, now() - interval '16950 minutes', NULL) ON CONFLICT (id) DO NOTHING;
INSERT INTO public.osionos_messages (id, channel_id, author_id, content, attachments, created_at, edited_at) VALUES ('885b4cb3-af2d-50c5-a75a-26330a5ee7c1', '6d34d98d-71f6-53e0-8fcb-3c4ca7375dbd', '4128e6d8-3a8a-48c7-bb96-cf8cf0ff6aa2', 'PSA from analysis: if you cite a transaction in a wiki, use the TXN id. Amounts differ per clearance view, ids do not.', '[]'::jsonb, now() - interval '16598 minutes', NULL) ON CONFLICT (id) DO NOTHING;
INSERT INTO public.osionos_messages (id, channel_id, author_id, content, attachments, created_at, edited_at) VALUES ('e85fa6b1-b6c2-5f95-98c1-bc4189ec549a', '6d34d98d-71f6-53e0-8fcb-3c4ca7375dbd', 'b371611d-139f-454b-9195-2b655e1fe8a6', '+1. Same for subjects — alias collisions are real, S-ids only.', '[]'::jsonb, now() - interval '16593 minutes', NULL) ON CONFLICT (id) DO NOTHING;
INSERT INTO public.osionos_messages (id, channel_id, author_id, content, attachments, created_at, edited_at) VALUES ('cb1db51c-fec2-5130-8e23-c273a8acd213', '6d34d98d-71f6-53e0-8fcb-3c4ca7375dbd', 'fb1bbb39-0d85-4bc5-ae58-2ad5a6079d57', 'Two different people both called “Halcyon”. Ask me how I know.', '[]'::jsonb, now() - interval '16587 minutes', NULL) ON CONFLICT (id) DO NOTHING;
INSERT INTO public.osionos_messages (id, channel_id, author_id, content, attachments, created_at, edited_at) VALUES ('3ddfb22a-3b57-5c50-9673-543139d9e67b', '6d34d98d-71f6-53e0-8fcb-3c4ca7375dbd', '7dabcb4d-8c96-4968-bb4d-34b8e5364274', 'Password rotation due this week for everyone with clearance 4+. The policy engine will start nagging you Wednesday.', '[]'::jsonb, now() - interval '16197 minutes', NULL) ON CONFLICT (id) DO NOTHING;
INSERT INTO public.osionos_messages (id, channel_id, author_id, content, attachments, created_at, edited_at) VALUES ('e60d470a-fec9-51b3-8a14-97b1ce36546b', '6d34d98d-71f6-53e0-8fcb-3c4ca7375dbd', '9878850d-3024-4012-b03a-d3d7ccef377c', 'Rotated. The nag is effective and mildly threatening — well done.', '[]'::jsonb, now() - interval '16195 minutes', NULL) ON CONFLICT (id) DO NOTHING;
INSERT INTO public.osionos_messages (id, channel_id, author_id, content, attachments, created_at, edited_at) VALUES ('f2672b1e-4203-5b4a-b30a-bea3fc7bc357', '6d34d98d-71f6-53e0-8fcb-3c4ca7375dbd', '7dabcb4d-8c96-4968-bb4d-34b8e5364274', 'It escalates. You do not want to see level three.', '[]'::jsonb, now() - interval '16193 minutes', NULL) ON CONFLICT (id) DO NOTHING;
INSERT INTO public.osionos_messages (id, channel_id, author_id, content, attachments, created_at, edited_at) VALUES ('cd0fe2b2-e89d-5290-ab9f-bdb68c773df5', '6d34d98d-71f6-53e0-8fcb-3c4ca7375dbd', 'faf9aeda-e21e-42ab-80be-9ce0fd8662a1', 'Board review went well. Special mention for the custody audit and the watchlist memo — the two-signal rule got quoted back at me approvingly.', '[]'::jsonb, now() - interval '15878 minutes', NULL) ON CONFLICT (id) DO NOTHING;
INSERT INTO public.osionos_messages (id, channel_id, author_id, content, attachments, created_at, edited_at) VALUES ('69b253ac-f8c1-5811-a073-5c520d5b950a', '6d34d98d-71f6-53e0-8fcb-3c4ca7375dbd', 'ccbcc0cf-f94c-469c-8943-d9aeebf0140e', 'Team effort — the field teams are the ones logging both ends of every hand-off now.', '[]'::jsonb, now() - interval '15876 minutes', NULL) ON CONFLICT (id) DO NOTHING;
INSERT INTO public.osionos_messages (id, channel_id, author_id, content, attachments, created_at, edited_at) VALUES ('80536713-a709-50b8-a945-420495b4804b', '6d34d98d-71f6-53e0-8fcb-3c4ca7375dbd', 'fb1bbb39-0d85-4bc5-ae58-2ad5a6079d57', 'And nobody has tried to add a counterparty on vibes for three whole weeks.', '[]'::jsonb, now() - interval '15870 minutes', NULL) ON CONFLICT (id) DO NOTHING;
INSERT INTO public.osionos_messages (id, channel_id, author_id, content, attachments, created_at, edited_at) VALUES ('89b82f78-12c5-5e3c-aa05-74f7d5e90136', '6d34d98d-71f6-53e0-8fcb-3c4ca7375dbd', 'faf9aeda-e21e-42ab-80be-9ce0fd8662a1', 'Progress.', '[]'::jsonb, now() - interval '15868 minutes', NULL) ON CONFLICT (id) DO NOTHING;
INSERT INTO public.osionos_messages (id, channel_id, author_id, content, attachments, created_at, edited_at) VALUES ('f99d5c08-0163-5fe5-b2c1-862a2356f992', '6d34d98d-71f6-53e0-8fcb-3c4ca7375dbd', 'e100fa34-6da5-4212-863b-55d041585e96', 'New template for records requests is in Report Writing Standards. Use it — the old one had a paragraph a judge described as ''optimistic''.', '[]'::jsonb, now() - interval '15489 minutes', NULL) ON CONFLICT (id) DO NOTHING;
INSERT INTO public.osionos_messages (id, channel_id, author_id, content, attachments, created_at, edited_at) VALUES ('88d774b7-4061-5fac-8b65-dc0390a600fb', '6d34d98d-71f6-53e0-8fcb-3c4ca7375dbd', '4fdd8889-ee0d-41c9-adf3-ddcc9c71955f', 'Using it for the freeport access-log request today.', '[]'::jsonb, now() - interval '15484 minutes', NULL) ON CONFLICT (id) DO NOTHING;
INSERT INTO public.osionos_messages (id, channel_id, author_id, content, attachments, created_at, edited_at) VALUES ('435fbc15-e188-5df1-8f93-352656660864', '6d34d98d-71f6-53e0-8fcb-3c4ca7375dbd', '7d93f34c-0b8e-4e2c-91f1-acf03d8842e2', 'Same for the APAC registry pulls.', '[]'::jsonb, now() - interval '15482 minutes', NULL) ON CONFLICT (id) DO NOTHING;
INSERT INTO public.osionos_messages (id, channel_id, author_id, content, attachments, created_at, edited_at) VALUES ('b260e063-9dc7-540c-b5f1-18753f7b5127', '6d34d98d-71f6-53e0-8fcb-3c4ca7375dbd', '729e8625-6938-42aa-9f89-f4cdb4dab70e', 'Friendly reminder the all-hands stream starts 15:00 sharp. Last week we lost four minutes to someone''s bluetooth headphones.', '[]'::jsonb, now() - interval '15166 minutes', NULL) ON CONFLICT (id) DO NOTHING;
INSERT INTO public.osionos_messages (id, channel_id, author_id, content, attachments, created_at, edited_at) VALUES ('053ed06e-de3d-5e66-afc5-14d695e67013', '6d34d98d-71f6-53e0-8fcb-3c4ca7375dbd', '5540b1cb-b294-414d-a2c4-03087dd44a91', 'It was not me.', '[]'::jsonb, now() - interval '15160 minutes', NULL) ON CONFLICT (id) DO NOTHING;
INSERT INTO public.osionos_messages (id, channel_id, author_id, content, attachments, created_at, edited_at) VALUES ('3750d349-1daa-55ba-b0ea-d2f91542330d', '6d34d98d-71f6-53e0-8fcb-3c4ca7375dbd', '39072d25-7ed8-442d-a26b-e93771ba9192', 'It was absolutely you.', '[]'::jsonb, now() - interval '15157 minutes', NULL) ON CONFLICT (id) DO NOTHING;
INSERT INTO public.osionos_messages (id, channel_id, author_id, content, attachments, created_at, edited_at) VALUES ('06df84a4-8e08-586b-915b-d33415a926f0', '6d34d98d-71f6-53e0-8fcb-3c4ca7375dbd', '5540b1cb-b294-414d-a2c4-03087dd44a91', 'It was absolutely me.', '[]'::jsonb, now() - interval '15155 minutes', NULL) ON CONFLICT (id) DO NOTHING;
INSERT INTO public.osionos_messages (id, channel_id, author_id, content, attachments, created_at, edited_at) VALUES ('f30061ae-5cd7-5b84-91f3-7e93433f1c69', 'dd1a79bc-d1f4-5f9b-a303-a0993459fd0b', '9878850d-3024-4012-b03a-d3d7ccef377c', 'Nightfall standup: EV-0084 ledger analysis is in — paired phantom-freight entries confirmed. Erik''s pattern memo is on my desk before Thursday''s War Room.', '[]'::jsonb, now() - interval '14787 minutes', NULL) ON CONFLICT (id) DO NOTHING;
INSERT INTO public.osionos_messages (id, channel_id, author_id, content, attachments, created_at, edited_at) VALUES ('bfb3726e-b10c-5106-8dbb-b1a05e0dab20', 'dd1a79bc-d1f4-5f9b-a303-a0993459fd0b', '88e73a58-ffa3-4601-9be2-aaeb6559af28', 'Custody on EV-0084 is clean, four entries, verified. The ledger pages are imaged and in the vault.', '[]'::jsonb, now() - interval '14781 minutes', NULL) ON CONFLICT (id) DO NOTHING;
INSERT INTO public.osionos_messages (id, channel_id, author_id, content, attachments, created_at, edited_at) VALUES ('565dbd3e-f1f8-5a39-a31d-dc44a3ad7c16', 'dd1a79bc-d1f4-5f9b-a303-a0993459fd0b', 'ccbcc0cf-f94c-469c-8943-d9aeebf0140e', 'EV-0086 hard drive imaging done. Wallet artefacts extracted and handed to analysis.', '[]'::jsonb, now() - interval '14777 minutes', NULL) ON CONFLICT (id) DO NOTHING;
INSERT INTO public.osionos_messages (id, channel_id, author_id, content, attachments, created_at, edited_at) VALUES ('1d161697-83aa-5cfe-9a0f-1dfe0a2c1ea5', 'dd1a79bc-d1f4-5f9b-a303-a0993459fd0b', '9878850d-3024-4012-b03a-d3d7ccef377c', 'Good. Jack — the contract (EV-0087)?', '[]'::jsonb, now() - interval '14771 minutes', NULL) ON CONFLICT (id) DO NOTHING;
INSERT INTO public.osionos_messages (id, channel_id, author_id, content, attachments, created_at, edited_at) VALUES ('b857fc11-1b2a-55d3-a4d8-a767e2537d4f', 'dd1a79bc-d1f4-5f9b-a303-a0993459fd0b', 'a3cefadb-2668-4f12-830c-14518e0a08f3', 'Phantom freight terms confirmed: cargo never moved on any of the six bookings. Annotated copy is on the case wiki.', '[]'::jsonb, now() - interval '14765 minutes', NULL) ON CONFLICT (id) DO NOTHING;
INSERT INTO public.osionos_messages (id, channel_id, author_id, content, attachments, created_at, edited_at) VALUES ('99665e2b-546d-579d-966c-0b97fbed62c2', 'dd1a79bc-d1f4-5f9b-a303-a0993459fd0b', '9946155f-cfcb-4ad4-99a4-6b5ed49ad24c', 'Red Meridian review: legal needs the exhibit list final by Wednesday. EV-0055 stays OUT of the package until forensics clears it.', '[]'::jsonb, now() - interval '14449 minutes', NULL) ON CONFLICT (id) DO NOTHING;
INSERT INTO public.osionos_messages (id, channel_id, author_id, content, attachments, created_at, edited_at) VALUES ('ff989574-767e-5214-9e5d-902bf0a282b2', 'dd1a79bc-d1f4-5f9b-a303-a0993459fd0b', '4fdd8889-ee0d-41c9-adf3-ddcc9c71955f', 'Manifest set EV-0017 is in and verified — the export valuation model holds without the tape.', '[]'::jsonb, now() - interval '14445 minutes', NULL) ON CONFLICT (id) DO NOTHING;
INSERT INTO public.osionos_messages (id, channel_id, author_id, content, attachments, created_at, edited_at) VALUES ('144ad783-91b9-5c8d-944a-d3dc04aa8289', 'dd1a79bc-d1f4-5f9b-a303-a0993459fd0b', 'e100fa34-6da5-4212-863b-55d041585e96', 'Confirmed. The referral is stronger with a shorter, cleaner exhibit list anyway.', '[]'::jsonb, now() - interval '14439 minutes', NULL) ON CONFLICT (id) DO NOTHING;
INSERT INTO public.osionos_messages (id, channel_id, author_id, content, attachments, created_at, edited_at) VALUES ('864ffc79-4810-55e1-8dd4-80f44d208c2d', 'dd1a79bc-d1f4-5f9b-a303-a0993459fd0b', '9878850d-3024-4012-b03a-d3d7ccef377c', 'Agreed. If EV-0055 clears later we amend; we do not wait for it.', '[]'::jsonb, now() - interval '14437 minutes', NULL) ON CONFLICT (id) DO NOTHING;
INSERT INTO public.osionos_messages (id, channel_id, author_id, content, attachments, created_at, edited_at) VALUES ('743d39a5-934a-5264-b128-51987e7cf0ac', 'dd1a79bc-d1f4-5f9b-a303-a0993459fd0b', 'a3cefadb-2668-4f12-830c-14518e0a08f3', 'Ash Garden: subject did the Friday pattern again — notary, then the Goldquay storefront. Third consecutive week. Surveillance log updated.', '[]'::jsonb, now() - interval '14031 minutes', NULL) ON CONFLICT (id) DO NOTHING;
INSERT INTO public.osionos_messages (id, channel_id, author_id, content, attachments, created_at, edited_at) VALUES ('338f9a2c-0116-58a7-ab0e-9184945471cb', 'dd1a79bc-d1f4-5f9b-a303-a0993459fd0b', 'edf4ac74-3e63-49cc-8bbb-71d9aa3c09b0', 'Static post footage (EV-0076 continuation) is timestamped and sealed.', '[]'::jsonb, now() - interval '14025 minutes', NULL) ON CONFLICT (id) DO NOTHING;
INSERT INTO public.osionos_messages (id, channel_id, author_id, content, attachments, created_at, edited_at) VALUES ('0167243b-c76a-54dd-a31d-c505f4c017dc', 'dd1a79bc-d1f4-5f9b-a303-a0993459fd0b', 'e100fa34-6da5-4212-863b-55d041585e96', 'Reminder — Petrov is a lawyer. Everything she says to a client is privileged until I screen it. Route the audio to me first.', '[]'::jsonb, now() - interval '14019 minutes', NULL) ON CONFLICT (id) DO NOTHING;
INSERT INTO public.osionos_messages (id, channel_id, author_id, content, attachments, created_at, edited_at) VALUES ('f4d59150-f90e-5edb-9ac6-18e754c023b9', 'dd1a79bc-d1f4-5f9b-a303-a0993459fd0b', 'a3cefadb-2668-4f12-830c-14518e0a08f3', 'Understood, same drill as last week.', '[]'::jsonb, now() - interval '14017 minutes', NULL) ON CONFLICT (id) DO NOTHING;
INSERT INTO public.osionos_messages (id, channel_id, author_id, content, attachments, created_at, edited_at) VALUES ('84a969c4-072e-55a1-a0f9-1bcbaf4562d6', 'dd1a79bc-d1f4-5f9b-a303-a0993459fd0b', '729e8625-6938-42aa-9f89-f4cdb4dab70e', 'Burner phone graph (EV-0051) — any movement on the recurring SIM?', '[]'::jsonb, now() - interval '14015 minutes', NULL) ON CONFLICT (id) DO NOTHING;
INSERT INTO public.osionos_messages (id, channel_id, author_id, content, attachments, created_at, edited_at) VALUES ('5db5aee8-c6eb-57c3-8942-aeb8aba9c0fa', 'dd1a79bc-d1f4-5f9b-a303-a0993459fd0b', 'a3cefadb-2668-4f12-830c-14518e0a08f3', 'Forensics says same device family as the Nightfall COMM-0085 source. If that link verifies, we have one fixer on two cases.', '[]'::jsonb, now() - interval '14012 minutes', NULL) ON CONFLICT (id) DO NOTHING;
INSERT INTO public.osionos_messages (id, channel_id, author_id, content, attachments, created_at, edited_at) VALUES ('9a0e2160-214d-59d9-b2cb-43150c3949ba', 'dd1a79bc-d1f4-5f9b-a303-a0993459fd0b', '9878850d-3024-4012-b03a-d3d7ccef377c', 'That would change the org chart of this whole thing. Keep it tight until verified.', '[]'::jsonb, now() - interval '14009 minutes', NULL) ON CONFLICT (id) DO NOTHING;
INSERT INTO public.osionos_messages (id, channel_id, author_id, content, attachments, created_at, edited_at) VALUES ('73e3099c-6be0-5352-9eef-dcaf38cb38c6', 'dd1a79bc-d1f4-5f9b-a303-a0993459fd0b', '5540b1cb-b294-414d-a2c4-03087dd44a91', 'Broken Compass: charter payments to Kestrel Marine land within 48h of each property closing — EV-0103 statement lines it up. Subpoena for charter manifests is drafting.', '[]'::jsonb, now() - interval '13693 minutes', now() - interval '13684 minutes') ON CONFLICT (id) DO NOTHING;
INSERT INTO public.osionos_messages (id, channel_id, author_id, content, attachments, created_at, edited_at) VALUES ('27844e3d-e503-5998-9cdb-e275b976e0fd', 'dd1a79bc-d1f4-5f9b-a303-a0993459fd0b', '729e8625-6938-42aa-9f89-f4cdb4dab70e', 'Coordinate the Kestrel angle with Red Meridian — Grace''s marina lead touches the same shop.', '[]'::jsonb, now() - interval '13689 minutes', NULL) ON CONFLICT (id) DO NOTHING;
INSERT INTO public.osionos_messages (id, channel_id, author_id, content, attachments, created_at, edited_at) VALUES ('0616d7fe-d427-57fb-b402-1257b02c9a98', 'dd1a79bc-d1f4-5f9b-a303-a0993459fd0b', '5540b1cb-b294-414d-a2c4-03087dd44a91', 'Already cross-referenced on the wiki. Priya''s graph has Kestrel at elevated watch.', '[]'::jsonb, now() - interval '13683 minutes', NULL) ON CONFLICT (id) DO NOTHING;
INSERT INTO public.osionos_messages (id, channel_id, author_id, content, attachments, created_at, edited_at) VALUES ('39b050db-4314-520c-b150-185898d174c1', 'dd1a79bc-d1f4-5f9b-a303-a0993459fd0b', '7d93f34c-0b8e-4e2c-91f1-acf03d8842e2', 'Quiet Storm: vendor #3''s incorporation date is 21 days before the award window. The pattern Carlos flagged holds for all three vendors.', '[]'::jsonb, now() - interval '13311 minutes', NULL) ON CONFLICT (id) DO NOTHING;
INSERT INTO public.osionos_messages (id, channel_id, author_id, content, attachments, created_at, edited_at) VALUES ('dc2af86d-24e1-5a16-9713-db0a96068a06', 'dd1a79bc-d1f4-5f9b-a303-a0993459fd0b', '4fdd8889-ee0d-41c9-adf3-ddcc9c71955f', 'Then the formation-agent comparison is the next move. Carlos and Priya have the registered-agent overlap memo due Friday.', '[]'::jsonb, now() - interval '13309 minutes', NULL) ON CONFLICT (id) DO NOTHING;
INSERT INTO public.osionos_messages (id, channel_id, author_id, content, attachments, created_at, edited_at) VALUES ('814693cd-a669-5853-b2bc-7c0faf3ef34c', 'dd1a79bc-d1f4-5f9b-a303-a0993459fd0b', '9946155f-cfcb-4ad4-99a4-6b5ed49ad24c', 'Booking it for Monday''s triage. Also: casino credit reconciliation (EV-0071) — Robert needs the clearance-4 totals.', '[]'::jsonb, now() - interval '13307 minutes', NULL) ON CONFLICT (id) DO NOTHING;
INSERT INTO public.osionos_messages (id, channel_id, author_id, content, attachments, created_at, edited_at) VALUES ('600b9e7c-3427-566b-a676-9024bb46bbc9', 'dd1a79bc-d1f4-5f9b-a303-a0993459fd0b', 'fc15e717-3cdf-4862-abce-8ea2e3be771f', 'On it — residual is down to two unexplained lines.', '[]'::jsonb, now() - interval '13301 minutes', NULL) ON CONFLICT (id) DO NOTHING;
INSERT INTO public.osionos_messages (id, channel_id, author_id, content, attachments, created_at, edited_at) VALUES ('bb567563-1f1f-5ec4-80ad-03ad2ff61cc9', 'dd1a79bc-d1f4-5f9b-a303-a0993459fd0b', '88e73a58-ffa3-4601-9be2-aaeb6559af28', 'Evidence note for everyone: when you hand off to transport, BOTH ends log. Origin-only logging is what bit us on EV-0055.', '[]'::jsonb, now() - interval '12957 minutes', NULL) ON CONFLICT (id) DO NOTHING;
INSERT INTO public.osionos_messages (id, channel_id, author_id, content, attachments, created_at, edited_at) VALUES ('f37c2d15-84a9-5168-b9b2-7649f5200d9a', 'dd1a79bc-d1f4-5f9b-a303-a0993459fd0b', '7ba66e73-e7aa-4cba-a39c-8b0e43c06ec3', 'Cobalt Ledger ran three exhibits through trial without a scratch because of exactly that discipline.', '[]'::jsonb, now() - interval '12953 minutes', NULL) ON CONFLICT (id) DO NOTHING;
INSERT INTO public.osionos_messages (id, channel_id, author_id, content, attachments, created_at, edited_at) VALUES ('71ec18e0-7d04-53d3-89f1-228b99cbe1dc', 'dd1a79bc-d1f4-5f9b-a303-a0993459fd0b', 'ccbcc0cf-f94c-469c-8943-d9aeebf0140e', 'And the refresher session is now mandatory. Friday, no exceptions.', '[]'::jsonb, now() - interval '12951 minutes', NULL) ON CONFLICT (id) DO NOTHING;
INSERT INTO public.osionos_messages (id, channel_id, author_id, content, attachments, created_at, edited_at) VALUES ('b148792f-ac2a-5653-a891-a1a33c4c6d26', 'dd1a79bc-d1f4-5f9b-a303-a0993459fd0b', '9878850d-3024-4012-b03a-d3d7ccef377c', 'Nightfall: legal is drafting the Goldquay KYC subpoena package. Once served, analysis gets the exit-cluster confirmation within the week.', '[]'::jsonb, now() - interval '12613 minutes', NULL) ON CONFLICT (id) DO NOTHING;
INSERT INTO public.osionos_messages (id, channel_id, author_id, content, attachments, created_at, edited_at) VALUES ('e4939065-1cc8-58c4-8994-ad07e8438e31', 'dd1a79bc-d1f4-5f9b-a303-a0993459fd0b', '39072d25-7ed8-442d-a26b-e93771ba9192', 'Field support ready if service needs an address verification on the Goldquay storefront.', '[]'::jsonb, now() - interval '12608 minutes', NULL) ON CONFLICT (id) DO NOTHING;
INSERT INTO public.osionos_messages (id, channel_id, author_id, content, attachments, created_at, edited_at) VALUES ('0a541513-f4bb-5934-b8d5-44c34384f1a1', 'dd1a79bc-d1f4-5f9b-a303-a0993459fd0b', '9878850d-3024-4012-b03a-d3d7ccef377c', 'Noted — hold until legal gives the word.', '[]'::jsonb, now() - interval '12606 minutes', NULL) ON CONFLICT (id) DO NOTHING;
INSERT INTO public.osionos_messages (id, channel_id, author_id, content, attachments, created_at, edited_at) VALUES ('be958738-c8c0-51c8-8eb8-add9d114c117', 'dd1a79bc-d1f4-5f9b-a303-a0993459fd0b', '729e8625-6938-42aa-9f89-f4cdb4dab70e', 'Assignments check: everyone''s rows in the live `assignments` table must match reality before Friday. If you are on a case and not in the table, you do not exist.', '[]'::jsonb, now() - interval '12285 minutes', NULL) ON CONFLICT (id) DO NOTHING;
INSERT INTO public.osionos_messages (id, channel_id, author_id, content, attachments, created_at, edited_at) VALUES ('3e4fb30e-3d38-504a-b035-4501ababce83', 'dd1a79bc-d1f4-5f9b-a303-a0993459fd0b', '5540b1cb-b294-414d-a2c4-03087dd44a91', 'Fixed mine — Broken Compass plus the Kestrel cross-support.', '[]'::jsonb, now() - interval '12280 minutes', NULL) ON CONFLICT (id) DO NOTHING;
INSERT INTO public.osionos_messages (id, channel_id, author_id, content, attachments, created_at, edited_at) VALUES ('125894fd-0d60-5dc3-8936-edd1d2b1c298', 'dd1a79bc-d1f4-5f9b-a303-a0993459fd0b', 'edf4ac74-3e63-49cc-8bbb-71d9aa3c09b0', 'Mine show Ash Garden static + Red Meridian marina follow-up. Correct.', '[]'::jsonb, now() - interval '12276 minutes', NULL) ON CONFLICT (id) DO NOTHING;
INSERT INTO public.osionos_messages (id, channel_id, author_id, content, attachments, created_at, edited_at) VALUES ('c18e90cf-cd39-59e3-aa1a-a5bcd3a455fc', 'dd1a79bc-d1f4-5f9b-a303-a0993459fd0b', '9946155f-cfcb-4ad4-99a4-6b5ed49ad24c', 'Heads-up: Director wants a one-page brief per featured case for the board. Case wikis already carry the summary callout — keep them current and the briefs write themselves.', '[]'::jsonb, now() - interval '11877 minutes', NULL) ON CONFLICT (id) DO NOTHING;
INSERT INTO public.osionos_messages (id, channel_id, author_id, content, attachments, created_at, edited_at) VALUES ('11859c14-07d9-5b22-9ab2-38aabdaad583', 'dd1a79bc-d1f4-5f9b-a303-a0993459fd0b', '4fdd8889-ee0d-41c9-adf3-ddcc9c71955f', 'Quiet Storm wiki is current as of this morning.', '[]'::jsonb, now() - interval '11874 minutes', NULL) ON CONFLICT (id) DO NOTHING;
INSERT INTO public.osionos_messages (id, channel_id, author_id, content, attachments, created_at, edited_at) VALUES ('e494b2e1-4a0f-5dc0-b3b0-44c48208592e', 'dd1a79bc-d1f4-5f9b-a303-a0993459fd0b', 'a3cefadb-2668-4f12-830c-14518e0a08f3', 'Ash Garden updated after tonight''s rotation.', '[]'::jsonb, now() - interval '11872 minutes', NULL) ON CONFLICT (id) DO NOTHING;
INSERT INTO public.osionos_messages (id, channel_id, author_id, content, attachments, created_at, edited_at) VALUES ('d663def6-9f5a-50d3-98c9-bee91b398ba9', 'dd1a79bc-d1f4-5f9b-a303-a0993459fd0b', '88e73a58-ffa3-4601-9be2-aaeb6559af28', 'Nightfall evidence run complete: EV-0098 (second hard drive, site visit) is imaged. Wallet artefact set is larger than EV-0086''s — analysis has both now.', '[]'::jsonb, now() - interval '11548 minutes', NULL) ON CONFLICT (id) DO NOTHING;
INSERT INTO public.osionos_messages (id, channel_id, author_id, content, attachments, created_at, edited_at) VALUES ('f391ea02-c689-597b-b2e2-d61d13f05a59', 'dd1a79bc-d1f4-5f9b-a303-a0993459fd0b', 'ccbcc0cf-f94c-469c-8943-d9aeebf0140e', 'Hashes recorded at collection and transfer. Chain is clean.', '[]'::jsonb, now() - interval '11545 minutes', NULL) ON CONFLICT (id) DO NOTHING;
INSERT INTO public.osionos_messages (id, channel_id, author_id, content, attachments, created_at, edited_at) VALUES ('375b6a89-3c98-575e-876d-cae4f8851fbe', 'dd1a79bc-d1f4-5f9b-a303-a0993459fd0b', '9878850d-3024-4012-b03a-d3d7ccef377c', 'Erik — fold EV-0098 into the exit-cluster work before Thursday if you can.', '[]'::jsonb, now() - interval '11540 minutes', NULL) ON CONFLICT (id) DO NOTHING;
INSERT INTO public.osionos_messages (id, channel_id, author_id, content, attachments, created_at, edited_at) VALUES ('0c4f1307-58a7-569c-a9d6-46d5442e5df9', 'dd1a79bc-d1f4-5f9b-a303-a0993459fd0b', '88e73a58-ffa3-4601-9be2-aaeb6559af28', 'He''s already pulling it, saw the forensics ticket close an hour ago.', '[]'::jsonb, now() - interval '11536 minutes', NULL) ON CONFLICT (id) DO NOTHING;
INSERT INTO public.osionos_messages (id, channel_id, author_id, content, attachments, created_at, edited_at) VALUES ('7d0c53ed-e29f-51ec-8f1f-0c6f8e87ff3e', 'dd1a79bc-d1f4-5f9b-a303-a0993459fd0b', '4fdd8889-ee0d-41c9-adf3-ddcc9c71955f', 'Quiet Storm: freeport access-log request served using Isabel''s new template. Expecting the logs within ten working days.', '[]'::jsonb, now() - interval '11207 minutes', NULL) ON CONFLICT (id) DO NOTHING;
INSERT INTO public.osionos_messages (id, channel_id, author_id, content, attachments, created_at, edited_at) VALUES ('b2506cfb-3a15-59d3-9452-c99ed6a0fa6b', 'dd1a79bc-d1f4-5f9b-a303-a0993459fd0b', '7d93f34c-0b8e-4e2c-91f1-acf03d8842e2', 'The award-week windows are listed on the wiki so we can cross the logs the day they arrive.', '[]'::jsonb, now() - interval '11201 minutes', NULL) ON CONFLICT (id) DO NOTHING;
INSERT INTO public.osionos_messages (id, channel_id, author_id, content, attachments, created_at, edited_at) VALUES ('00b03099-4a56-5703-b7e8-e25e6dad99f3', 'dd1a79bc-d1f4-5f9b-a303-a0993459fd0b', '9946155f-cfcb-4ad4-99a4-6b5ed49ad24c', 'Good. That closes the last open records item on Quiet Storm.', '[]'::jsonb, now() - interval '11198 minutes', NULL) ON CONFLICT (id) DO NOTHING;
INSERT INTO public.osionos_messages (id, channel_id, author_id, content, attachments, created_at, edited_at) VALUES ('33ac491a-eebe-57d8-8429-eeee9eca666e', 'dd1a79bc-d1f4-5f9b-a303-a0993459fd0b', '7ba66e73-e7aa-4cba-a39c-8b0e43c06ec3', 'Cobalt Ledger archive request: prosecution wants the custody bundle for the appeal. All three exhibits, full logs.', '[]'::jsonb, now() - interval '10822 minutes', NULL) ON CONFLICT (id) DO NOTHING;
INSERT INTO public.osionos_messages (id, channel_id, author_id, content, attachments, created_at, edited_at) VALUES ('4decaacd-e7b5-5b09-8c07-11396f7e2833', 'dd1a79bc-d1f4-5f9b-a303-a0993459fd0b', 'ccbcc0cf-f94c-469c-8943-d9aeebf0140e', 'Bundle prepared and sealed — collecting signature from legal tomorrow.', '[]'::jsonb, now() - interval '10816 minutes', NULL) ON CONFLICT (id) DO NOTHING;
INSERT INTO public.osionos_messages (id, channel_id, author_id, content, attachments, created_at, edited_at) VALUES ('c96ddc0f-a109-5d0b-8f21-aee4abd14ce6', 'dd1a79bc-d1f4-5f9b-a303-a0993459fd0b', 'e100fa34-6da5-4212-863b-55d041585e96', 'I''ll sign at 09:00. The appeal has nothing on custody; this is belt and braces.', '[]'::jsonb, now() - interval '10810 minutes', NULL) ON CONFLICT (id) DO NOTHING;
INSERT INTO public.osionos_messages (id, channel_id, author_id, content, attachments, created_at, edited_at) VALUES ('6deb5a9c-68c3-5ba5-aa18-8735af099710', 'dd1a79bc-d1f4-5f9b-a303-a0993459fd0b', '729e8625-6938-42aa-9f89-f4cdb4dab70e', 'Broken Compass: Novum Estates closed two more flips this month. If the mixer deposits follow within 48h again, that is cycle five and six.', '[]'::jsonb, now() - interval '10502 minutes', NULL) ON CONFLICT (id) DO NOTHING;
INSERT INTO public.osionos_messages (id, channel_id, author_id, content, attachments, created_at, edited_at) VALUES ('571baa48-f4d0-5b72-8be8-57e3dcaca642', 'dd1a79bc-d1f4-5f9b-a303-a0993459fd0b', '5540b1cb-b294-414d-a2c4-03087dd44a91', 'Watching the deposit window now. EV-0103 statement format makes the matching almost mechanical.', '[]'::jsonb, now() - interval '10498 minutes', NULL) ON CONFLICT (id) DO NOTHING;
INSERT INTO public.osionos_messages (id, channel_id, author_id, content, attachments, created_at, edited_at) VALUES ('9f04e5c9-5a11-584e-98de-10713837a67e', 'dd1a79bc-d1f4-5f9b-a303-a0993459fd0b', '4128e6d8-3a8a-48c7-bb96-cf8cf0ff6aa2', 'Ping me the timestamps when they land — they go straight into the exit-cluster correlation.', '[]'::jsonb, now() - interval '10494 minutes', NULL) ON CONFLICT (id) DO NOTHING;
INSERT INTO public.osionos_messages (id, channel_id, author_id, content, attachments, created_at, edited_at) VALUES ('aaeb5ba9-6d2a-58a4-a641-9a9032f0d9fe', 'dd1a79bc-d1f4-5f9b-a303-a0993459fd0b', '5540b1cb-b294-414d-a2c4-03087dd44a91', 'Will do.', '[]'::jsonb, now() - interval '10491 minutes', NULL) ON CONFLICT (id) DO NOTHING;
INSERT INTO public.osionos_messages (id, channel_id, author_id, content, attachments, created_at, edited_at) VALUES ('d9b733da-fbfb-5881-87ce-5ecd449daf0f', 'dd1a79bc-d1f4-5f9b-a303-a0993459fd0b', '9878850d-3024-4012-b03a-d3d7ccef377c', 'Reminder: minutes from last Thursday''s War Room are on the case wikis. If you were mentioned with an action item, it is now in the assignments table too.', '[]'::jsonb, now() - interval '10162 minutes', NULL) ON CONFLICT (id) DO NOTHING;
INSERT INTO public.osionos_messages (id, channel_id, author_id, content, attachments, created_at, edited_at) VALUES ('e1028ab9-6d31-5994-b232-3262037f1ab2', 'dd1a79bc-d1f4-5f9b-a303-a0993459fd0b', '39072d25-7ed8-442d-a26b-e93771ba9192', 'Seen mine — address verification on the Goldquay storefront, holding for legal.', '[]'::jsonb, now() - interval '10157 minutes', NULL) ON CONFLICT (id) DO NOTHING;
INSERT INTO public.osionos_messages (id, channel_id, author_id, content, attachments, created_at, edited_at) VALUES ('0a1ce090-62c6-58a4-9e49-5244bf1ef45f', 'dd1a79bc-d1f4-5f9b-a303-a0993459fd0b', 'edf4ac74-3e63-49cc-8bbb-71d9aa3c09b0', 'Mine too. Kestrel charter manager identity confirmation, with Priya.', '[]'::jsonb, now() - interval '10152 minutes', NULL) ON CONFLICT (id) DO NOTHING;
INSERT INTO public.osionos_messages (id, channel_id, author_id, content, attachments, created_at, edited_at) VALUES ('87b0eda2-bcc8-5b49-b00e-3609d8196e07', '394d18f9-8646-5b63-a003-454d2604085b', '4128e6d8-3a8a-48c7-bb96-cf8cf0ff6aa2', 'TXN pattern memo is up in my notebook: structuring under 10k via Goldquay — TXN-0010 (9,769.57 EUR wire), TXN-0002, TXN-0014. Sub-threshold density 3.1× corridor baseline.', '[]'::jsonb, now() - interval '9753 minutes', NULL) ON CONFLICT (id) DO NOTHING;
INSERT INTO public.osionos_messages (id, channel_id, author_id, content, attachments, created_at, edited_at) VALUES ('fd02603c-610d-5fe0-b0b7-568e9b045464', '394d18f9-8646-5b63-a003-454d2604085b', 'fb1bbb39-0d85-4bc5-ae58-2ad5a6079d57', 'That density figure is the headline. Baseline computed on which window?', '[]'::jsonb, now() - interval '9748 minutes', NULL) ON CONFLICT (id) DO NOTHING;
INSERT INTO public.osionos_messages (id, channel_id, author_id, content, attachments, created_at, edited_at) VALUES ('30488e46-350a-56d1-aa62-462d574c4772', '394d18f9-8646-5b63-a003-454d2604085b', '4128e6d8-3a8a-48c7-bb96-cf8cf0ff6aa2', 'Rolling 90 days, masked series bucketed to 500-unit bands. Method note is in the toggle.', '[]'::jsonb, now() - interval '9746 minutes', NULL) ON CONFLICT (id) DO NOTHING;
INSERT INTO public.osionos_messages (id, channel_id, author_id, content, attachments, created_at, edited_at) VALUES ('71b8234b-b877-5c1c-a101-a5e5d421937c', '394d18f9-8646-5b63-a003-454d2604085b', 'b371611d-139f-454b-9195-2b655e1fe8a6', 'And then TXN-0016 walks in — 306,454.56 EUR by hawala TO an exchange. Who settles six figures by hawala into Goldquay?', '[]'::jsonb, now() - interval '9743 minutes', NULL) ON CONFLICT (id) DO NOTHING;
INSERT INTO public.osionos_messages (id, channel_id, author_id, content, attachments, created_at, edited_at) VALUES ('ce991633-e50e-5362-9b85-a5886f5414a5', '394d18f9-8646-5b63-a003-454d2604085b', '4128e6d8-3a8a-48c7-bb96-cf8cf0ff6aa2', 'Either operator-to-operator settlement or a mistake. Escalated to Marcus with the memo.', '[]'::jsonb, now() - interval '9738 minutes', NULL) ON CONFLICT (id) DO NOTHING;
INSERT INTO public.osionos_messages (id, channel_id, author_id, content, attachments, created_at, edited_at) VALUES ('04dff332-aace-5543-8f81-688698a83513', '394d18f9-8646-5b63-a003-454d2604085b', '9878850d-3024-4012-b03a-d3d7ccef377c', 'Read it. Bring it to the War Room Thursday — that outlier reframes Nightfall''s scale.', '[]'::jsonb, now() - interval '9732 minutes', NULL) ON CONFLICT (id) DO NOTHING;
INSERT INTO public.osionos_messages (id, channel_id, author_id, content, attachments, created_at, edited_at) VALUES ('3c767f11-d9b5-5894-a360-d4917d1cddf7', '394d18f9-8646-5b63-a003-454d2604085b', 'fb1bbb39-0d85-4bc5-ae58-2ad5a6079d57', 'Counterparty graph refresh: Goldquay now touches FOUR cases (Nightfall, Ash Garden, Broken Compass, Quiet Storm). Westport Capital SA recurs post-conviction. Watchlist updated.', '[]'::jsonb, now() - interval '9432 minutes', now() - interval '9423 minutes') ON CONFLICT (id) DO NOTHING;
INSERT INTO public.osionos_messages (id, channel_id, author_id, content, attachments, created_at, edited_at) VALUES ('0be1ce48-69cb-5733-a015-a3892cc456c8', '394d18f9-8646-5b63-a003-454d2604085b', 'b371611d-139f-454b-9195-2b655e1fe8a6', 'Kestrel Marine at elevated too — Red Meridian marina lead plus Broken Compass charter trail.', '[]'::jsonb, now() - interval '9427 minutes', NULL) ON CONFLICT (id) DO NOTHING;
INSERT INTO public.osionos_messages (id, channel_id, author_id, content, attachments, created_at, edited_at) VALUES ('a811097e-e3ab-5bae-8a13-438319625472', '394d18f9-8646-5b63-a003-454d2604085b', 'faf9aeda-e21e-42ab-80be-9ce0fd8662a1', 'This is the picture I want on one page for the board. Watchlist memo is exactly right — keep ids on every claim.', '[]'::jsonb, now() - interval '9423 minutes', NULL) ON CONFLICT (id) DO NOTHING;
INSERT INTO public.osionos_messages (id, channel_id, author_id, content, attachments, created_at, edited_at) VALUES ('c3f4efc5-4036-5c58-89c6-8d886a15446e', '394d18f9-8646-5b63-a003-454d2604085b', 'fb1bbb39-0d85-4bc5-ae58-2ad5a6079d57', 'Will do. FIXER-01 stays an unresolved node until the SIM comparison lands.', '[]'::jsonb, now() - interval '9417 minutes', NULL) ON CONFLICT (id) DO NOTHING;
INSERT INTO public.osionos_messages (id, channel_id, author_id, content, attachments, created_at, edited_at) VALUES ('aad854bd-05e0-56f7-9c2f-392be76fc7d4', '394d18f9-8646-5b63-a003-454d2604085b', 'b371611d-139f-454b-9195-2b655e1fe8a6', 'Hawala corridor: Pelican Freight''s invoice cancellation rate is 31% vs 4% industry norm. Freight invoices as settlement memos — cancellation IS the settlement confirmation.', '[]'::jsonb, now() - interval '9067 minutes', NULL) ON CONFLICT (id) DO NOTHING;
INSERT INTO public.osionos_messages (id, channel_id, author_id, content, attachments, created_at, edited_at) VALUES ('6d3fe672-dac3-50b1-9ca4-7d08e23837c5', '394d18f9-8646-5b63-a003-454d2604085b', '4128e6d8-3a8a-48c7-bb96-cf8cf0ff6aa2', 'That inversion is beautiful. Does the 72h settlement window hold across both corridors?', '[]'::jsonb, now() - interval '9062 minutes', NULL) ON CONFLICT (id) DO NOTHING;
INSERT INTO public.osionos_messages (id, channel_id, author_id, content, attachments, created_at, edited_at) VALUES ('c0e64e0e-0985-5e6e-92e5-f3f516e5a05f', '394d18f9-8646-5b63-a003-454d2604085b', 'b371611d-139f-454b-9195-2b655e1fe8a6', 'NA leg yes, EU leg has two outliers — both brush TXN-0016''s week.', '[]'::jsonb, now() - interval '9059 minutes', NULL) ON CONFLICT (id) DO NOTHING;
INSERT INTO public.osionos_messages (id, channel_id, author_id, content, attachments, created_at, edited_at) VALUES ('4b647007-7665-54e3-86ef-86520fe98187', '394d18f9-8646-5b63-a003-454d2604085b', 'fb1bbb39-0d85-4bc5-ae58-2ad5a6079d57', 'Everything touches that week. Flagging it as an event window in the graph.', '[]'::jsonb, now() - interval '9056 minutes', NULL) ON CONFLICT (id) DO NOTHING;
INSERT INTO public.osionos_messages (id, channel_id, author_id, content, attachments, created_at, edited_at) VALUES ('a416601d-c374-5a0a-9657-74a535e83def', '394d18f9-8646-5b63-a003-454d2604085b', 'fb1bbb39-0d85-4bc5-ae58-2ad5a6079d57', 'Alias collision resolved: “Halcyon” is S-0003 (Hassan Vidal) AND S-0009 (Gustav DeVries). Two people, one alias, zero relation. The dashboard join was silently merging them.', '[]'::jsonb, now() - interval '8715 minutes', NULL) ON CONFLICT (id) DO NOTHING;
INSERT INTO public.osionos_messages (id, channel_id, author_id, content, attachments, created_at, edited_at) VALUES ('cd71dae3-3027-5ebb-b9e1-05dc1d16e6d4', '394d18f9-8646-5b63-a003-454d2604085b', '4128e6d8-3a8a-48c7-bb96-cf8cf0ff6aa2', 'How long was it wrong?', '[]'::jsonb, now() - interval '8709 minutes', NULL) ON CONFLICT (id) DO NOTHING;
INSERT INTO public.osionos_messages (id, channel_id, author_id, content, attachments, created_at, edited_at) VALUES ('5d83f3ee-c446-5e57-82e4-d98916d91fb1', '394d18f9-8646-5b63-a003-454d2604085b', 'fb1bbb39-0d85-4bc5-ae58-2ad5a6079d57', 'Since 02 June. Re-keyed everything to subject_id. Post-mortem note is in my notebook.', '[]'::jsonb, now() - interval '8706 minutes', NULL) ON CONFLICT (id) DO NOTHING;
INSERT INTO public.osionos_messages (id, channel_id, author_id, content, attachments, created_at, edited_at) VALUES ('97fd538b-bb4f-5cb1-8582-31190befa95d', '394d18f9-8646-5b63-a003-454d2604085b', 'b371611d-139f-454b-9195-2b655e1fe8a6', 'Good catch — that merge would have poisoned the Quiet Storm vendor analysis.', '[]'::jsonb, now() - interval '8701 minutes', NULL) ON CONFLICT (id) DO NOTHING;
INSERT INTO public.osionos_messages (id, channel_id, author_id, content, attachments, created_at, edited_at) VALUES ('1c695e32-fcd0-5678-8868-a39686c41030', '394d18f9-8646-5b63-a003-454d2604085b', '4128e6d8-3a8a-48c7-bb96-cf8cf0ff6aa2', 'Mixer exits: 03:00–05:00 UTC cluster correlates 0.78 with Goldquay settlement batches. If Thursday''s batch repeats the offsets, it''s automation.', '[]'::jsonb, now() - interval '8373 minutes', NULL) ON CONFLICT (id) DO NOTHING;
INSERT INTO public.osionos_messages (id, channel_id, author_id, content, attachments, created_at, edited_at) VALUES ('19796b30-8068-509f-be38-50d1824d315d', '394d18f9-8646-5b63-a003-454d2604085b', '9878850d-3024-4012-b03a-d3d7ccef377c', 'And if it''s automation, subpoenaing the scheduler config becomes very interesting. Keep me posted.', '[]'::jsonb, now() - interval '8369 minutes', NULL) ON CONFLICT (id) DO NOTHING;
INSERT INTO public.osionos_messages (id, channel_id, author_id, content, attachments, created_at, edited_at) VALUES ('5fccce07-fbc9-5ff4-8146-ea426781d38e', '394d18f9-8646-5b63-a003-454d2604085b', '4128e6d8-3a8a-48c7-bb96-cf8cf0ff6aa2', 'Watch is booked. Results land here Thursday night.', '[]'::jsonb, now() - interval '8366 minutes', NULL) ON CONFLICT (id) DO NOTHING;
INSERT INTO public.osionos_messages (id, channel_id, author_id, content, attachments, created_at, edited_at) VALUES ('10e72ebd-16de-5a68-ae02-6b65ded34a83', '394d18f9-8646-5b63-a003-454d2604085b', 'b371611d-139f-454b-9195-2b655e1fe8a6', 'Sable Trust (BVI) profile check: TXN-0024 (76,102.38 EUR, invoice method) fits the residual-sink pattern exactly. Third independent signal.', '[]'::jsonb, now() - interval '7936 minutes', NULL) ON CONFLICT (id) DO NOTHING;
INSERT INTO public.osionos_messages (id, channel_id, author_id, content, attachments, created_at, edited_at) VALUES ('a54c57d5-d66a-515e-ba8d-38d3bda23377', '394d18f9-8646-5b63-a003-454d2604085b', 'fb1bbb39-0d85-4bc5-ae58-2ad5a6079d57', 'Then it graduates from monitor to elevated next sweep, per the watchlist rules.', '[]'::jsonb, now() - interval '7933 minutes', NULL) ON CONFLICT (id) DO NOTHING;
INSERT INTO public.osionos_messages (id, channel_id, author_id, content, attachments, created_at, edited_at) VALUES ('a8a4588c-5e63-5937-9b8f-6a25c50fca0e', '394d18f9-8646-5b63-a003-454d2604085b', 'faf9aeda-e21e-42ab-80be-9ce0fd8662a1', 'Approved. The two-signal rule is doing its job.', '[]'::jsonb, now() - interval '7931 minutes', NULL) ON CONFLICT (id) DO NOTHING;
INSERT INTO public.osionos_messages (id, channel_id, author_id, content, attachments, created_at, edited_at) VALUES ('8a516e27-0dd7-5b30-a5d4-08216fb7210d', '394d18f9-8646-5b63-a003-454d2604085b', '4128e6d8-3a8a-48c7-bb96-cf8cf0ff6aa2', 'Dashboard note: aggregate views (count/sum by counterparty) come from the live tables, so they respect masks. Finance sees totals; we see densities. Reconcile through Robert, not screenshots.', '[]'::jsonb, now() - interval '7577 minutes', NULL) ON CONFLICT (id) DO NOTHING;
INSERT INTO public.osionos_messages (id, channel_id, author_id, content, attachments, created_at, edited_at) VALUES ('43aa99b3-9737-5ce7-b8d9-d54b1c104a0c', '394d18f9-8646-5b63-a003-454d2604085b', 'fb1bbb39-0d85-4bc5-ae58-2ad5a6079d57', 'The mask follows the data, not the pixels. It''s in the clearance policy verbatim.', '[]'::jsonb, now() - interval '7571 minutes', NULL) ON CONFLICT (id) DO NOTHING;
INSERT INTO public.osionos_messages (id, channel_id, author_id, content, attachments, created_at, edited_at) VALUES ('58c71ca4-96d0-56e7-8240-6dcbb17b4608', '394d18f9-8646-5b63-a003-454d2604085b', 'b371611d-139f-454b-9195-2b655e1fe8a6', 'Quoting the handbook in chat. We''ve become management.', '[]'::jsonb, now() - interval '7567 minutes', NULL) ON CONFLICT (id) DO NOTHING;
INSERT INTO public.osionos_messages (id, channel_id, author_id, content, attachments, created_at, edited_at) VALUES ('358110e3-ba6b-5f22-91b3-0c8bd2818160', '394d18f9-8646-5b63-a003-454d2604085b', '4128e6d8-3a8a-48c7-bb96-cf8cf0ff6aa2', 'EV-0098 artefacts are in. The second drive''s wallet set overlaps EV-0086 on three addresses — same operator, different machines.', '[]'::jsonb, now() - interval '7283 minutes', NULL) ON CONFLICT (id) DO NOTHING;
INSERT INTO public.osionos_messages (id, channel_id, author_id, content, attachments, created_at, edited_at) VALUES ('2beaea5e-633b-58cf-a8ce-8776c49732d3', '394d18f9-8646-5b63-a003-454d2604085b', 'b371611d-139f-454b-9195-2b655e1fe8a6', 'Three shared addresses is enough to collapse them into one node in the graph.', '[]'::jsonb, now() - interval '7280 minutes', NULL) ON CONFLICT (id) DO NOTHING;
INSERT INTO public.osionos_messages (id, channel_id, author_id, content, attachments, created_at, edited_at) VALUES ('d9fcbe27-1af5-581b-90ba-9935328f6462', '394d18f9-8646-5b63-a003-454d2604085b', 'fb1bbb39-0d85-4bc5-ae58-2ad5a6079d57', 'Collapsed. Nightfall''s subject cluster just got simpler and scarier at the same time.', '[]'::jsonb, now() - interval '7276 minutes', NULL) ON CONFLICT (id) DO NOTHING;
INSERT INTO public.osionos_messages (id, channel_id, author_id, content, attachments, created_at, edited_at) VALUES ('abc2c402-a0e2-5f27-abde-a454789ea14b', '394d18f9-8646-5b63-a003-454d2604085b', '9878850d-3024-4012-b03a-d3d7ccef377c', 'That sentence is going in my Thursday brief verbatim.', '[]'::jsonb, now() - interval '7273 minutes', NULL) ON CONFLICT (id) DO NOTHING;
INSERT INTO public.osionos_messages (id, channel_id, author_id, content, attachments, created_at, edited_at) VALUES ('c88235ed-bdf8-5fee-8860-4bb6914e63ac', '394d18f9-8646-5b63-a003-454d2604085b', 'fb1bbb39-0d85-4bc5-ae58-2ad5a6079d57', 'Kestrel charter manager identity: Grace''s marina log plus the charter registry gives us a name. Holding it off-channel until verified — it goes in `subjects` first, chat second.', '[]'::jsonb, now() - interval '6934 minutes', NULL) ON CONFLICT (id) DO NOTHING;
INSERT INTO public.osionos_messages (id, channel_id, author_id, content, attachments, created_at, edited_at) VALUES ('4ad0273d-3c5c-5e67-8fee-45c6d1a958e0', '394d18f9-8646-5b63-a003-454d2604085b', 'b371611d-139f-454b-9195-2b655e1fe8a6', 'Correct order. The registry pull is archived under the case so the sourcing survives review.', '[]'::jsonb, now() - interval '6932 minutes', NULL) ON CONFLICT (id) DO NOTHING;
INSERT INTO public.osionos_messages (id, channel_id, author_id, content, attachments, created_at, edited_at) VALUES ('8c6c369d-d90f-5c09-99fc-c944208a1872', '394d18f9-8646-5b63-a003-454d2604085b', 'faf9aeda-e21e-42ab-80be-9ce0fd8662a1', 'This thread is why the analysts channel exists. Carry on.', '[]'::jsonb, now() - interval '6930 minutes', NULL) ON CONFLICT (id) DO NOTHING;
INSERT INTO public.osionos_messages (id, channel_id, author_id, content, attachments, created_at, edited_at) VALUES ('f21a1106-1c00-5242-9c55-00fdcb77385d', '394d18f9-8646-5b63-a003-454d2604085b', 'b371611d-139f-454b-9195-2b655e1fe8a6', 'Methodology share: the 31% cancellation figure for Pelican came from comparing issued vs settled invoices in the manifest set — happy to walk anyone through the query.', '[]'::jsonb, now() - interval '6552 minutes', NULL) ON CONFLICT (id) DO NOTHING;
INSERT INTO public.osionos_messages (id, channel_id, author_id, content, attachments, created_at, edited_at) VALUES ('7b58ec09-ea09-5fe6-abc0-fb63d615ec48', '394d18f9-8646-5b63-a003-454d2604085b', '4128e6d8-3a8a-48c7-bb96-cf8cf0ff6aa2', 'Do a ten-minute walkthrough Friday after the all-hands?', '[]'::jsonb, now() - interval '6546 minutes', NULL) ON CONFLICT (id) DO NOTHING;
INSERT INTO public.osionos_messages (id, channel_id, author_id, content, attachments, created_at, edited_at) VALUES ('d74131cf-4541-5e14-ae64-def4f7a57197', '394d18f9-8646-5b63-a003-454d2604085b', 'b371611d-139f-454b-9195-2b655e1fe8a6', 'Booked. Bring your own masked views.', '[]'::jsonb, now() - interval '6542 minutes', NULL) ON CONFLICT (id) DO NOTHING;
INSERT INTO public.osionos_messages (id, channel_id, author_id, content, attachments, created_at, edited_at) VALUES ('079b442c-4957-515f-8e07-0d3cac67b4c7', '394d18f9-8646-5b63-a003-454d2604085b', 'fb1bbb39-0d85-4bc5-ae58-2ad5a6079d57', 'Attending. I want the cancellation-as-settlement-confirmation logic on the watchlist page.', '[]'::jsonb, now() - interval '6536 minutes', NULL) ON CONFLICT (id) DO NOTHING;
INSERT INTO public.osionos_messages (id, channel_id, author_id, content, attachments, created_at, edited_at) VALUES ('77713e74-1fc4-5738-aad8-31f61164838e', '394d18f9-8646-5b63-a003-454d2604085b', '4128e6d8-3a8a-48c7-bb96-cf8cf0ff6aa2', 'Thursday batch result: the mixer exit offsets repeated within 90 seconds. It is automation.', '[]'::jsonb, now() - interval '6221 minutes', NULL) ON CONFLICT (id) DO NOTHING;
INSERT INTO public.osionos_messages (id, channel_id, author_id, content, attachments, created_at, edited_at) VALUES ('3e8bcb4c-01fa-55e9-b864-971ffabe8128', '394d18f9-8646-5b63-a003-454d2604085b', '9878850d-3024-4012-b03a-d3d7ccef377c', 'Then the scheduler config subpoena goes in the Goldquay package. Outstanding work.', '[]'::jsonb, now() - interval '6218 minutes', NULL) ON CONFLICT (id) DO NOTHING;
INSERT INTO public.osionos_messages (id, channel_id, author_id, content, attachments, created_at, edited_at) VALUES ('eab1d608-cb87-570a-b14f-b0278c1635a9', '394d18f9-8646-5b63-a003-454d2604085b', 'fb1bbb39-0d85-4bc5-ae58-2ad5a6079d57', 'Event window thesis strengthens too — automated settlement plus one manual six-figure hawala the same week reads like someone pressing the override button.', '[]'::jsonb, now() - interval '6212 minutes', NULL) ON CONFLICT (id) DO NOTHING;
INSERT INTO public.osionos_messages (id, channel_id, author_id, content, attachments, created_at, edited_at) VALUES ('8f7e024d-b0c0-5afb-a97d-ef74049a6548', '394d18f9-8646-5b63-a003-454d2604085b', '4128e6d8-3a8a-48c7-bb96-cf8cf0ff6aa2', 'Agreed on all counts. Memo updated before the War Room.', '[]'::jsonb, now() - interval '6206 minutes', NULL) ON CONFLICT (id) DO NOTHING;
INSERT INTO public.osionos_messages (id, channel_id, author_id, content, attachments, created_at, edited_at) VALUES ('e73ee41c-60ba-5884-a030-d6a4ce3c3b37', '238832b0-ba44-52f2-bfa1-a73980f4da06', 'edf4ac74-3e63-49cc-8bbb-71d9aa3c09b0', 'Marina follow-up (L-0022): second meeting confirmed, same berth. Counterparty matches a Kestrel Marine charter manager — photos logged, context only, no faces.', '[]'::jsonb, now() - interval '5845 minutes', NULL) ON CONFLICT (id) DO NOTHING;
INSERT INTO public.osionos_messages (id, channel_id, author_id, content, attachments, created_at, edited_at) VALUES ('98884f93-e48f-50ea-adeb-926ae8df101f', '238832b0-ba44-52f2-bfa1-a73980f4da06', 'a3cefadb-2668-4f12-830c-14518e0a08f3', 'Textbook. Tag goes to the Red Meridian analyst thread.', '[]'::jsonb, now() - interval '5840 minutes', NULL) ON CONFLICT (id) DO NOTHING;
INSERT INTO public.osionos_messages (id, channel_id, author_id, content, attachments, created_at, edited_at) VALUES ('03cc0735-2365-58bf-984b-8252e0f5ec6c', '238832b0-ba44-52f2-bfa1-a73980f4da06', '9946155f-cfcb-4ad4-99a4-6b5ed49ad24c', 'Logged. Identity confirmation task is with Priya.', '[]'::jsonb, now() - interval '5834 minutes', NULL) ON CONFLICT (id) DO NOTHING;
INSERT INTO public.osionos_messages (id, channel_id, author_id, content, attachments, created_at, edited_at) VALUES ('c5ffc978-8040-5a23-b4d7-516ea4b1f015', '238832b0-ba44-52f2-bfa1-a73980f4da06', '5540b1cb-b294-414d-a2c4-03087dd44a91', 'Plate from L-0079 spotted again at the freight forwarder''s yard, 14:20. Second corroboration.', '[]'::jsonb, now() - interval '5458 minutes', NULL) ON CONFLICT (id) DO NOTHING;
INSERT INTO public.osionos_messages (id, channel_id, author_id, content, attachments, created_at, edited_at) VALUES ('ce7b703a-4737-5982-85a5-300b15b28055', '238832b0-ba44-52f2-bfa1-a73980f4da06', '99389d8f-5186-4bbb-a426-faf8fb91bc69', 'Matches my earlier log at location L-21. The vehicle is the thread between subject and yard.', '[]'::jsonb, now() - interval '5454 minutes', NULL) ON CONFLICT (id) DO NOTHING;
INSERT INTO public.osionos_messages (id, channel_id, author_id, content, attachments, created_at, edited_at) VALUES ('af919a88-03f8-5630-8468-c13c7647a969', '238832b0-ba44-52f2-bfa1-a73980f4da06', '729e8625-6938-42aa-9f89-f4cdb4dab70e', 'Both entries are in `leads`. That''s how it''s done — 30 seconds of logging, weeks of value.', '[]'::jsonb, now() - interval '5448 minutes', NULL) ON CONFLICT (id) DO NOTHING;
INSERT INTO public.osionos_messages (id, channel_id, author_id, content, attachments, created_at, edited_at) VALUES ('1d66170c-9140-5da3-97c9-67b207e1fb73', '238832b0-ba44-52f2-bfa1-a73980f4da06', '7ba66e73-e7aa-4cba-a39c-8b0e43c06ec3', 'Friday courier watch (L-0048 / Red Meridian): bank alert corroborated across two cycles now. Third cycle this Friday completes the warrant package threshold.', '[]'::jsonb, now() - interval '5110 minutes', NULL) ON CONFLICT (id) DO NOTHING;
INSERT INTO public.osionos_messages (id, channel_id, author_id, content, attachments, created_at, edited_at) VALUES ('a7949b39-ceae-50ce-bb1c-15af6be3fee4', '238832b0-ba44-52f2-bfa1-a73980f4da06', '39072d25-7ed8-442d-a26b-e93771ba9192', 'I''ll take the second eye on Friday. Rotation board updated.', '[]'::jsonb, now() - interval '5106 minutes', NULL) ON CONFLICT (id) DO NOTHING;
INSERT INTO public.osionos_messages (id, channel_id, author_id, content, attachments, created_at, edited_at) VALUES ('b959e3e0-ffef-547a-a0f8-e1de8ebdb753', '238832b0-ba44-52f2-bfa1-a73980f4da06', '7ba66e73-e7aa-4cba-a39c-8b0e43c06ec3', 'Confirmed. Radio checks on the quarter hour, abort criteria per the field guide.', '[]'::jsonb, now() - interval '5102 minutes', NULL) ON CONFLICT (id) DO NOTHING;
INSERT INTO public.osionos_messages (id, channel_id, author_id, content, attachments, created_at, edited_at) VALUES ('e2280e33-1dbe-5781-8df5-87c4fe7e4b11', '238832b0-ba44-52f2-bfa1-a73980f4da06', 'a3cefadb-2668-4f12-830c-14518e0a08f3', 'Ash Garden rotation: Grace and Viktor on static this week. Subject is counter-surveillance aware — eyes rotate every 40, no exceptions.', '[]'::jsonb, now() - interval '4746 minutes', NULL) ON CONFLICT (id) DO NOTHING;
INSERT INTO public.osionos_messages (id, channel_id, author_id, content, attachments, created_at, edited_at) VALUES ('e1b9e535-c68a-5806-aa01-b97e7e666893', '238832b0-ba44-52f2-bfa1-a73980f4da06', '99389d8f-5186-4bbb-a426-faf8fb91bc69', 'Footage from last night sealed and logged as EV-0076 continuation. Hand-off logged at BOTH ends, before anyone asks.', '[]'::jsonb, now() - interval '4743 minutes', NULL) ON CONFLICT (id) DO NOTHING;
INSERT INTO public.osionos_messages (id, channel_id, author_id, content, attachments, created_at, edited_at) VALUES ('14f219ab-9101-53e4-a6aa-dffd3fb9a663', '238832b0-ba44-52f2-bfa1-a73980f4da06', 'ccbcc0cf-f94c-469c-8943-d9aeebf0140e', 'I saw. Custody compliance has visibly improved since the audit. Keep it up.', '[]'::jsonb, now() - interval '4741 minutes', NULL) ON CONFLICT (id) DO NOTHING;
INSERT INTO public.osionos_messages (id, channel_id, author_id, content, attachments, created_at, edited_at) VALUES ('694c4823-448a-5df4-a29b-cec9d1c10d24', '238832b0-ba44-52f2-bfa1-a73980f4da06', '39072d25-7ed8-442d-a26b-e93771ba9192', 'Reminder from the SOP: contact reports within 12 hours. Mine from the records office visit is filed.', '[]'::jsonb, now() - interval '4366 minutes', NULL) ON CONFLICT (id) DO NOTHING;
INSERT INTO public.osionos_messages (id, channel_id, author_id, content, attachments, created_at, edited_at) VALUES ('a083455a-34cb-5955-a2e7-3dcaf5f26c0c', '238832b0-ba44-52f2-bfa1-a73980f4da06', '5540b1cb-b294-414d-a2c4-03087dd44a91', 'Filed mine too. The notary clerk talks a lot when you ask about parking.', '[]'::jsonb, now() - interval '4363 minutes', NULL) ON CONFLICT (id) DO NOTHING;
INSERT INTO public.osionos_messages (id, channel_id, author_id, content, attachments, created_at, edited_at) VALUES ('f8d294ef-35f9-5a2a-97e6-532f1ebaccd7', '238832b0-ba44-52f2-bfa1-a73980f4da06', 'edf4ac74-3e63-49cc-8bbb-71d9aa3c09b0', 'The best sources don''t know they are sources.', '[]'::jsonb, now() - interval '4358 minutes', NULL) ON CONFLICT (id) DO NOTHING;
INSERT INTO public.osionos_messages (id, channel_id, author_id, content, attachments, created_at, edited_at) VALUES ('5b4612dd-4cb4-5be7-b06e-51b874bddd18', '238832b0-ba44-52f2-bfa1-a73980f4da06', '9946155f-cfcb-4ad4-99a4-6b5ed49ad24c', 'Ops note: no seizures on pattern alone. The Friday courier package waits for legal''s warrant — anyone moving early answers to me and then to Isabel, in that order.', '[]'::jsonb, now() - interval '4048 minutes', NULL) ON CONFLICT (id) DO NOTHING;
INSERT INTO public.osionos_messages (id, channel_id, author_id, content, attachments, created_at, edited_at) VALUES ('6f802163-1d40-5ade-8fad-1f0e9dfe29a3', '238832b0-ba44-52f2-bfa1-a73980f4da06', 'a3cefadb-2668-4f12-830c-14518e0a08f3', 'Understood. Field holds.', '[]'::jsonb, now() - interval '4042 minutes', NULL) ON CONFLICT (id) DO NOTHING;
INSERT INTO public.osionos_messages (id, channel_id, author_id, content, attachments, created_at, edited_at) VALUES ('a5993d3c-2a39-54f0-ab71-6a8a4f6ed9f3', '238832b0-ba44-52f2-bfa1-a73980f4da06', '729e8625-6938-42aa-9f89-f4cdb4dab70e', 'And if anyone gets burned: SUNSET in this channel, fallback point, nothing else.', '[]'::jsonb, now() - interval '4036 minutes', NULL) ON CONFLICT (id) DO NOTHING;
INSERT INTO public.osionos_messages (id, channel_id, author_id, content, attachments, created_at, edited_at) VALUES ('7f9d3d91-a0fd-59c0-aee4-cc8e1cc07260', '238832b0-ba44-52f2-bfa1-a73980f4da06', '99389d8f-5186-4bbb-a426-faf8fb91bc69', 'Kit check: long-lens rig back from forensics, locker 7. Radio batteries rotated. The static post chair remains a war crime.', '[]'::jsonb, now() - interval '3635 minutes', NULL) ON CONFLICT (id) DO NOTHING;
INSERT INTO public.osionos_messages (id, channel_id, author_id, content, attachments, created_at, edited_at) VALUES ('4a8e72da-264a-54ed-b48b-30ee11b8383a', '238832b0-ba44-52f2-bfa1-a73980f4da06', 'edf4ac74-3e63-49cc-8bbb-71d9aa3c09b0', 'Confirmed on all three. Bringing my own cushion.', '[]'::jsonb, now() - interval '3633 minutes', NULL) ON CONFLICT (id) DO NOTHING;
INSERT INTO public.osionos_messages (id, channel_id, author_id, content, attachments, created_at, edited_at) VALUES ('c43853f9-9738-5a58-bde0-f2cbdffe5ae5', '238832b0-ba44-52f2-bfa1-a73980f4da06', '39072d25-7ed8-442d-a26b-e93771ba9192', 'Requisition for a new chair filed under ''operational necessity''.', '[]'::jsonb, now() - interval '3630 minutes', NULL) ON CONFLICT (id) DO NOTHING;
INSERT INTO public.osionos_messages (id, channel_id, author_id, content, attachments, created_at, edited_at) VALUES ('af288cdd-d871-5104-9126-da1b4b88d39a', '238832b0-ba44-52f2-bfa1-a73980f4da06', '729e8625-6938-42aa-9f89-f4cdb4dab70e', 'Approved. Morale is operational.', '[]'::jsonb, now() - interval '3624 minutes', NULL) ON CONFLICT (id) DO NOTHING;
INSERT INTO public.osionos_messages (id, channel_id, author_id, content, attachments, created_at, edited_at) VALUES ('43c174d6-ae5d-57f3-b7ad-1485635c066a', '238832b0-ba44-52f2-bfa1-a73980f4da06', '7ba66e73-e7aa-4cba-a39c-8b0e43c06ec3', 'Friday cycle three complete: courier, same route, same timing, bag swap at the kiosk. Warrant threshold met — package goes to legal Monday.', '[]'::jsonb, now() - interval '3324 minutes', NULL) ON CONFLICT (id) DO NOTHING;
INSERT INTO public.osionos_messages (id, channel_id, author_id, content, attachments, created_at, edited_at) VALUES ('a9e2ada6-00c6-50a9-a38c-aa95b41f73cb', '238832b0-ba44-52f2-bfa1-a73980f4da06', 'a3cefadb-2668-4f12-830c-14518e0a08f3', 'Clean work. Log both plates and the kiosk vendor''s hours in `leads` before you stand down.', '[]'::jsonb, now() - interval '3321 minutes', NULL) ON CONFLICT (id) DO NOTHING;
INSERT INTO public.osionos_messages (id, channel_id, author_id, content, attachments, created_at, edited_at) VALUES ('5cd1e6c9-dee1-5b1c-9ca9-e66eeed44607', '238832b0-ba44-52f2-bfa1-a73980f4da06', '7ba66e73-e7aa-4cba-a39c-8b0e43c06ec3', 'Already in. L-0048 updated with all three cycles.', '[]'::jsonb, now() - interval '3315 minutes', NULL) ON CONFLICT (id) DO NOTHING;
INSERT INTO public.osionos_messages (id, channel_id, author_id, content, attachments, created_at, edited_at) VALUES ('43d1a910-1f64-500d-9d61-a80a16ecbf9d', '238832b0-ba44-52f2-bfa1-a73980f4da06', '9946155f-cfcb-4ad4-99a4-6b5ed49ad24c', 'Seen. Legal has it first thing Monday.', '[]'::jsonb, now() - interval '3311 minutes', NULL) ON CONFLICT (id) DO NOTHING;
INSERT INTO public.osionos_messages (id, channel_id, author_id, content, attachments, created_at, edited_at) VALUES ('58e6f076-071f-599d-9b3b-7cc89038b775', '238832b0-ba44-52f2-bfa1-a73980f4da06', '5540b1cb-b294-414d-a2c4-03087dd44a91', 'Yard watch: the L-0079 vehicle left with a trailer tonight, first time. Followed to the ring road per the pre-cleared route, then broke off.', '[]'::jsonb, now() - interval '2997 minutes', NULL) ON CONFLICT (id) DO NOTHING;
INSERT INTO public.osionos_messages (id, channel_id, author_id, content, attachments, created_at, edited_at) VALUES ('364d2dbe-5a56-5678-8b75-32e9457db0a3', '238832b0-ba44-52f2-bfa1-a73980f4da06', '99389d8f-5186-4bbb-a426-faf8fb91bc69', 'Correct call — the route past the ring road is not cleared and the subject checks mirrors.', '[]'::jsonb, now() - interval '2993 minutes', NULL) ON CONFLICT (id) DO NOTHING;
INSERT INTO public.osionos_messages (id, channel_id, author_id, content, attachments, created_at, edited_at) VALUES ('1b30b6e2-a947-57cc-bb8a-a40980156c23', '238832b0-ba44-52f2-bfa1-a73980f4da06', '729e8625-6938-42aa-9f89-f4cdb4dab70e', 'Trailer detail goes to Red Meridian''s analyst thread. That yard keeps earning its surveillance budget.', '[]'::jsonb, now() - interval '2988 minutes', NULL) ON CONFLICT (id) DO NOTHING;
INSERT INTO public.osionos_messages (id, channel_id, author_id, content, attachments, created_at, edited_at) VALUES ('fe5d993a-cc98-58c4-811b-2d4dc5b26bcf', '238832b0-ba44-52f2-bfa1-a73980f4da06', 'edf4ac74-3e63-49cc-8bbb-71d9aa3c09b0', 'Ash Garden Friday report: notary, then Goldquay storefront, fourth consecutive week. Pattern threshold met. Footage sealed, hand-off logged both ends.', '[]'::jsonb, now() - interval '2608 minutes', NULL) ON CONFLICT (id) DO NOTHING;
INSERT INTO public.osionos_messages (id, channel_id, author_id, content, attachments, created_at, edited_at) VALUES ('b3b377fd-a59c-58a6-beec-0715d4388533', '238832b0-ba44-52f2-bfa1-a73980f4da06', 'a3cefadb-2668-4f12-830c-14518e0a08f3', 'Four for four. It goes on the wiki tonight and to Isabel''s screening queue first.', '[]'::jsonb, now() - interval '2602 minutes', NULL) ON CONFLICT (id) DO NOTHING;
INSERT INTO public.osionos_messages (id, channel_id, author_id, content, attachments, created_at, edited_at) VALUES ('8ed0d61e-aefe-5733-b9e7-e0d4c5c383a8', '238832b0-ba44-52f2-bfa1-a73980f4da06', 'e100fa34-6da5-4212-863b-55d041585e96', 'Queue position one. You''ll have the release decision by Tuesday.', '[]'::jsonb, now() - interval '2600 minutes', NULL) ON CONFLICT (id) DO NOTHING;
INSERT INTO public.osionos_messages (id, channel_id, author_id, content, attachments, created_at, edited_at) VALUES ('34816eb0-ac4b-5cab-9d9d-8aaa7ad37d74', '5c1aeaa7-fecc-50ab-b399-c80b3cd0e225', 'faf9aeda-e21e-42ab-80be-9ce0fd8662a1', 'War Room Thursday 09:00 — agenda: Nightfall TXN-0016 outlier, Red Meridian referral, Q2 custody findings. Erik presents first ten minutes.', '[]'::jsonb, now() - interval '2206 minutes', NULL) ON CONFLICT (id) DO NOTHING;
INSERT INTO public.osionos_messages (id, channel_id, author_id, content, attachments, created_at, edited_at) VALUES ('5141e7f9-946a-59f1-b80d-9366d5533892', '5c1aeaa7-fecc-50ab-b399-c80b3cd0e225', '9878850d-3024-4012-b03a-d3d7ccef377c', 'Confirmed. Pre-read: Erik''s notebook memo + the watchlist page.', '[]'::jsonb, now() - interval '2201 minutes', NULL) ON CONFLICT (id) DO NOTHING;
INSERT INTO public.osionos_messages (id, channel_id, author_id, content, attachments, created_at, edited_at) VALUES ('cb1f04db-d54e-54e4-8c8c-dc8ccb81ccfc', '5c1aeaa7-fecc-50ab-b399-c80b3cd0e225', '9946155f-cfcb-4ad4-99a4-6b5ed49ad24c', 'Joining from the EU room. Red Meridian exhibit list will be final by then.', '[]'::jsonb, now() - interval '2195 minutes', NULL) ON CONFLICT (id) DO NOTHING;
INSERT INTO public.osionos_messages (id, channel_id, author_id, content, attachments, created_at, edited_at) VALUES ('485469bf-bc71-5d96-8b26-85a0c4be8934', '5c1aeaa7-fecc-50ab-b399-c80b3cd0e225', '729e8625-6938-42aa-9f89-f4cdb4dab70e', 'NA dialling in. I''ll bring the Broken Compass charter subpoena status.', '[]'::jsonb, now() - interval '2193 minutes', NULL) ON CONFLICT (id) DO NOTHING;
INSERT INTO public.osionos_messages (id, channel_id, author_id, content, attachments, created_at, edited_at) VALUES ('f140c4c8-0d46-5b6d-8943-317e512b3256', '5c1aeaa7-fecc-50ab-b399-c80b3cd0e225', 'faf9aeda-e21e-42ab-80be-9ce0fd8662a1', 'Minutes go on the case wikis within 24h, per SOP.', '[]'::jsonb, now() - interval '2190 minutes', NULL) ON CONFLICT (id) DO NOTHING;
INSERT INTO public.osionos_messages (id, channel_id, author_id, content, attachments, created_at, edited_at) VALUES ('e0917cc1-cc09-5d54-bf33-4d14802e3415', '5c1aeaa7-fecc-50ab-b399-c80b3cd0e225', '9878850d-3024-4012-b03a-d3d7ccef377c', 'Link check for Thursday — everyone confirm the video channel works from your kit.', '[]'::jsonb, now() - interval '1916 minutes', NULL) ON CONFLICT (id) DO NOTHING;
INSERT INTO public.osionos_messages (id, channel_id, author_id, content, attachments, created_at, edited_at) VALUES ('3bbd05a9-5ccb-5e60-8aef-2b4a4f414b37', '5c1aeaa7-fecc-50ab-b399-c80b3cd0e225', '9946155f-cfcb-4ad4-99a4-6b5ed49ad24c', 'Working here.', '[]'::jsonb, now() - interval '1912 minutes', NULL) ON CONFLICT (id) DO NOTHING;
INSERT INTO public.osionos_messages (id, channel_id, author_id, content, attachments, created_at, edited_at) VALUES ('0fae90f6-45cd-5c56-9d89-19bd9df562e4', '5c1aeaa7-fecc-50ab-b399-c80b3cd0e225', '729e8625-6938-42aa-9f89-f4cdb4dab70e', 'Same.', '[]'::jsonb, now() - interval '1908 minutes', NULL) ON CONFLICT (id) DO NOTHING;
INSERT INTO public.osionos_messages (id, channel_id, author_id, content, attachments, created_at, edited_at) VALUES ('20ab46e7-8cbe-5784-9fa2-b1f3cd63e69b', (SELECT id FROM public.osionos_channels WHERE dm_key = 'dm:4128e6d8-3a8a-48c7-bb96-cf8cf0ff6aa2:fb1bbb39-0d85-4bc5-ae58-2ad5a6079d57'), '4128e6d8-3a8a-48c7-bb96-cf8cf0ff6aa2', 'Your alias-collision catch saved my density model — I was about to bucket by alias for the dedupe pass.', '[]'::jsonb, now() - interval '1487 minutes', NULL) ON CONFLICT (id) DO NOTHING;
INSERT INTO public.osionos_messages (id, channel_id, author_id, content, attachments, created_at, edited_at) VALUES ('1a644c13-ff43-55f9-a4bc-c36e73a33459', (SELECT id FROM public.osionos_channels WHERE dm_key = 'dm:4128e6d8-3a8a-48c7-bb96-cf8cf0ff6aa2:fb1bbb39-0d85-4bc5-ae58-2ad5a6079d57'), 'fb1bbb39-0d85-4bc5-ae58-2ad5a6079d57', 'We all almost did. subject_id or nothing now.', '[]'::jsonb, now() - interval '1482 minutes', NULL) ON CONFLICT (id) DO NOTHING;
INSERT INTO public.osionos_messages (id, channel_id, author_id, content, attachments, created_at, edited_at) VALUES ('44a96c10-c4b6-55be-a527-93f48190e08d', (SELECT id FROM public.osionos_channels WHERE dm_key = 'dm:4128e6d8-3a8a-48c7-bb96-cf8cf0ff6aa2:fb1bbb39-0d85-4bc5-ae58-2ad5a6079d57'), '4128e6d8-3a8a-48c7-bb96-cf8cf0ff6aa2', 'Deal. Also — look at TXN-0016''s week in your graph. Everything converges on it.', '[]'::jsonb, now() - interval '1480 minutes', NULL) ON CONFLICT (id) DO NOTHING;
INSERT INTO public.osionos_messages (id, channel_id, author_id, content, attachments, created_at, edited_at) VALUES ('35ddb327-8664-5cc0-a794-d01e9ddae969', (SELECT id FROM public.osionos_channels WHERE dm_key = 'dm:4128e6d8-3a8a-48c7-bb96-cf8cf0ff6aa2:fb1bbb39-0d85-4bc5-ae58-2ad5a6079d57'), 'fb1bbb39-0d85-4bc5-ae58-2ad5a6079d57', 'Saw it. I''m calling it the event window. If the Thursday batch confirms automation, that week is when someone settled the books.', '[]'::jsonb, now() - interval '1477 minutes', NULL) ON CONFLICT (id) DO NOTHING;
INSERT INTO public.osionos_messages (id, channel_id, author_id, content, attachments, created_at, edited_at) VALUES ('76ede061-c95a-5feb-ab79-4010d4aa4e02', (SELECT id FROM public.osionos_channels WHERE dm_key = 'dm:4128e6d8-3a8a-48c7-bb96-cf8cf0ff6aa2:fb1bbb39-0d85-4bc5-ae58-2ad5a6079d57'), '4128e6d8-3a8a-48c7-bb96-cf8cf0ff6aa2', 'If you put ''event window'' on the watchlist page, attach both our ids to it.', '[]'::jsonb, now() - interval '1472 minutes', NULL) ON CONFLICT (id) DO NOTHING;
INSERT INTO public.osionos_messages (id, channel_id, author_id, content, attachments, created_at, edited_at) VALUES ('aa3568e4-c0d9-530f-b911-258653881c90', (SELECT id FROM public.osionos_channels WHERE dm_key = 'dm:4128e6d8-3a8a-48c7-bb96-cf8cf0ff6aa2:fb1bbb39-0d85-4bc5-ae58-2ad5a6079d57'), 'fb1bbb39-0d85-4bc5-ae58-2ad5a6079d57', 'Two signals, written down. I know the rules — I wrote them.', '[]'::jsonb, now() - interval '1469 minutes', NULL) ON CONFLICT (id) DO NOTHING;
INSERT INTO public.osionos_messages (id, channel_id, author_id, content, attachments, created_at, edited_at) VALUES ('b8ace820-8722-55fc-9898-dc50ea0563cd', (SELECT id FROM public.osionos_channels WHERE dm_key = 'dm:9878850d-3024-4012-b03a-d3d7ccef377c:9946155f-cfcb-4ad4-99a4-6b5ed49ad24c'), '9878850d-3024-4012-b03a-d3d7ccef377c', 'Red Meridian: can you hold the referral package until Hannah''s deep verification report? If EV-0055 clears, we amend; if not, the package is already clean.', '[]'::jsonb, now() - interval '1153 minutes', NULL) ON CONFLICT (id) DO NOTHING;
INSERT INTO public.osionos_messages (id, channel_id, author_id, content, attachments, created_at, edited_at) VALUES ('f4a627fa-49fa-5d50-80d6-9759bbb65e51', (SELECT id FROM public.osionos_channels WHERE dm_key = 'dm:9878850d-3024-4012-b03a-d3d7ccef377c:9946155f-cfcb-4ad4-99a4-6b5ed49ad24c'), '9946155f-cfcb-4ad4-99a4-6b5ed49ad24c', 'Holding until Wednesday noon, then it ships regardless. Legal agrees the shorter list is stronger.', '[]'::jsonb, now() - interval '1149 minutes', NULL) ON CONFLICT (id) DO NOTHING;
INSERT INTO public.osionos_messages (id, channel_id, author_id, content, attachments, created_at, edited_at) VALUES ('2d59c7d9-58e6-5793-a833-75c8a6bc609a', (SELECT id FROM public.osionos_channels WHERE dm_key = 'dm:9878850d-3024-4012-b03a-d3d7ccef377c:9946155f-cfcb-4ad4-99a4-6b5ed49ad24c'), '9878850d-3024-4012-b03a-d3d7ccef377c', 'Agreed. One more thing — staffing. If the SIM link between Ash Garden and Nightfall verifies, I want one analyst across both.', '[]'::jsonb, now() - interval '1144 minutes', NULL) ON CONFLICT (id) DO NOTHING;
INSERT INTO public.osionos_messages (id, channel_id, author_id, content, attachments, created_at, edited_at) VALUES ('38f27dda-2894-5931-a5d7-283d09676958', (SELECT id FROM public.osionos_channels WHERE dm_key = 'dm:9878850d-3024-4012-b03a-d3d7ccef377c:9946155f-cfcb-4ad4-99a4-6b5ed49ad24c'), '9946155f-cfcb-4ad4-99a4-6b5ed49ad24c', 'Erik is the obvious pick but he''s at capacity. Priya takes the cross-case node, Erik keeps the patterns.', '[]'::jsonb, now() - interval '1140 minutes', NULL) ON CONFLICT (id) DO NOTHING;
INSERT INTO public.osionos_messages (id, channel_id, author_id, content, attachments, created_at, edited_at) VALUES ('3e9e41c5-aea1-5653-957c-7a6d1e31c25f', (SELECT id FROM public.osionos_channels WHERE dm_key = 'dm:9878850d-3024-4012-b03a-d3d7ccef377c:9946155f-cfcb-4ad4-99a4-6b5ed49ad24c'), '9878850d-3024-4012-b03a-d3d7ccef377c', 'Good split. Put it in Monday''s triage.', '[]'::jsonb, now() - interval '1137 minutes', NULL) ON CONFLICT (id) DO NOTHING;
INSERT INTO public.osionos_messages (id, channel_id, author_id, content, attachments, created_at, edited_at) VALUES ('fbd7a2cb-97c1-51ca-bc57-89c018eb1ccd', (SELECT id FROM public.osionos_channels WHERE dm_key = 'dm:a3cefadb-2668-4f12-830c-14518e0a08f3:edf4ac74-3e63-49cc-8bbb-71d9aa3c09b0'), 'a3cefadb-2668-4f12-830c-14518e0a08f3', 'Friday rotation — can you take the early shift at the static post? Viktor has the courier watch with Nadia.', '[]'::jsonb, now() - interval '783 minutes', NULL) ON CONFLICT (id) DO NOTHING;
INSERT INTO public.osionos_messages (id, channel_id, author_id, content, attachments, created_at, edited_at) VALUES ('1db11854-c021-51a3-9ee2-cf33e525d6d3', (SELECT id FROM public.osionos_channels WHERE dm_key = 'dm:a3cefadb-2668-4f12-830c-14518e0a08f3:edf4ac74-3e63-49cc-8bbb-71d9aa3c09b0'), 'edf4ac74-3e63-49cc-8bbb-71d9aa3c09b0', 'Yes, but I need the long-lens kit back from forensics by Thursday.', '[]'::jsonb, now() - interval '780 minutes', NULL) ON CONFLICT (id) DO NOTHING;
INSERT INTO public.osionos_messages (id, channel_id, author_id, content, attachments, created_at, edited_at) VALUES ('05766a13-4f88-5f9b-aba0-b983cfe8e873', (SELECT id FROM public.osionos_channels WHERE dm_key = 'dm:a3cefadb-2668-4f12-830c-14518e0a08f3:edf4ac74-3e63-49cc-8bbb-71d9aa3c09b0'), 'a3cefadb-2668-4f12-830c-14518e0a08f3', 'Maya signed it back in this morning. It''s in locker 7.', '[]'::jsonb, now() - interval '776 minutes', NULL) ON CONFLICT (id) DO NOTHING;
INSERT INTO public.osionos_messages (id, channel_id, author_id, content, attachments, created_at, edited_at) VALUES ('6f4765ee-16eb-5fa6-ba9e-cd951cda38dd', (SELECT id FROM public.osionos_channels WHERE dm_key = 'dm:a3cefadb-2668-4f12-830c-14518e0a08f3:edf4ac74-3e63-49cc-8bbb-71d9aa3c09b0'), 'edf4ac74-3e63-49cc-8bbb-71d9aa3c09b0', 'Then we''re set. If the subject does the notary-Goldquay run again, that''s four consecutive Fridays — pattern threshold met.', '[]'::jsonb, now() - interval '773 minutes', NULL) ON CONFLICT (id) DO NOTHING;
INSERT INTO public.osionos_messages (id, channel_id, author_id, content, attachments, created_at, edited_at) VALUES ('b74cef5f-4e4f-511b-9876-e8fd1769d49d', (SELECT id FROM public.osionos_channels WHERE dm_key = 'dm:a3cefadb-2668-4f12-830c-14518e0a08f3:edf4ac74-3e63-49cc-8bbb-71d9aa3c09b0'), 'a3cefadb-2668-4f12-830c-14518e0a08f3', 'And THEN we let legal do their thing. By the book on this one — she''s a lawyer, she''ll see anything sloppy.', '[]'::jsonb, now() - interval '770 minutes', NULL) ON CONFLICT (id) DO NOTHING;
INSERT INTO public.osionos_messages (id, channel_id, author_id, content, attachments, created_at, edited_at) VALUES ('c08339d3-30f0-5c95-8bdb-6a3a1c63f1ff', (SELECT id FROM public.osionos_channels WHERE dm_key = 'dm:9878850d-3024-4012-b03a-d3d7ccef377c:faf9aeda-e21e-42ab-80be-9ce0fd8662a1'), 'faf9aeda-e21e-42ab-80be-9ce0fd8662a1', 'Before Thursday: the TXN-0016 outlier — does it change Nightfall''s budget line? Six-figure settlements mean a bigger ring than we scoped.', '[]'::jsonb, now() - interval '424 minutes', NULL) ON CONFLICT (id) DO NOTHING;
INSERT INTO public.osionos_messages (id, channel_id, author_id, content, attachments, created_at, edited_at) VALUES ('73c73786-5b84-5971-ba98-b0042abf7cf7', (SELECT id FROM public.osionos_channels WHERE dm_key = 'dm:9878850d-3024-4012-b03a-d3d7ccef377c:faf9aeda-e21e-42ab-80be-9ce0fd8662a1'), '9878850d-3024-4012-b03a-d3d7ccef377c', 'Honestly, yes. If the fixer link verifies we''re looking at one network behind three operations. I''d rather re-scope now than mid-referral.', '[]'::jsonb, now() - interval '419 minutes', NULL) ON CONFLICT (id) DO NOTHING;
INSERT INTO public.osionos_messages (id, channel_id, author_id, content, attachments, created_at, edited_at) VALUES ('ca030bbd-b164-52b9-a4fa-b0242d822e45', (SELECT id FROM public.osionos_channels WHERE dm_key = 'dm:9878850d-3024-4012-b03a-d3d7ccef377c:faf9aeda-e21e-42ab-80be-9ce0fd8662a1'), 'faf9aeda-e21e-42ab-80be-9ce0fd8662a1', 'Then bring a consolidated proposal Thursday. One network, one task force, shared analyst pool.', '[]'::jsonb, now() - interval '414 minutes', NULL) ON CONFLICT (id) DO NOTHING;
INSERT INTO public.osionos_messages (id, channel_id, author_id, content, attachments, created_at, edited_at) VALUES ('0fa85b13-c522-5cd3-bb66-efb050e98109', (SELECT id FROM public.osionos_channels WHERE dm_key = 'dm:9878850d-3024-4012-b03a-d3d7ccef377c:faf9aeda-e21e-42ab-80be-9ce0fd8662a1'), '9878850d-3024-4012-b03a-d3d7ccef377c', 'Drafting it tonight. Working name: MERIDIAN GATE.', '[]'::jsonb, now() - interval '412 minutes', NULL) ON CONFLICT (id) DO NOTHING;
INSERT INTO public.osionos_messages (id, channel_id, author_id, content, attachments, created_at, edited_at) VALUES ('263d97bc-f031-55ea-ae3a-880195184dc9', (SELECT id FROM public.osionos_channels WHERE dm_key = 'dm:9878850d-3024-4012-b03a-d3d7ccef377c:faf9aeda-e21e-42ab-80be-9ce0fd8662a1'), 'faf9aeda-e21e-42ab-80be-9ce0fd8662a1', 'Approved as a working name. And Marcus — good catch escalating the outlier fast.', '[]'::jsonb, now() - interval '409 minutes', NULL) ON CONFLICT (id) DO NOTHING;
INSERT INTO public.osionos_message_reactions (message_id, user_id, emoji, created_at) VALUES ('c3bb4b25-fdc9-5a23-a1cf-d421483efe5b', '88e73a58-ffa3-4601-9be2-aaeb6559af28', '👍', now() - interval '1 day') ON CONFLICT DO NOTHING;
INSERT INTO public.osionos_message_reactions (message_id, user_id, emoji, created_at) VALUES ('c3bb4b25-fdc9-5a23-a1cf-d421483efe5b', '4128e6d8-3a8a-48c7-bb96-cf8cf0ff6aa2', '👍', now() - interval '1 day') ON CONFLICT DO NOTHING;
INSERT INTO public.osionos_message_reactions (message_id, user_id, emoji, created_at) VALUES ('c3bb4b25-fdc9-5a23-a1cf-d421483efe5b', 'edf4ac74-3e63-49cc-8bbb-71d9aa3c09b0', '🎉', now() - interval '1 day') ON CONFLICT DO NOTHING;
INSERT INTO public.osionos_message_reactions (message_id, user_id, emoji, created_at) VALUES ('f7717ac0-0539-55db-b783-01c1f05c4509', '5540b1cb-b294-414d-a2c4-03087dd44a91', '😂', now() - interval '1 day') ON CONFLICT DO NOTHING;
INSERT INTO public.osionos_message_reactions (message_id, user_id, emoji, created_at) VALUES ('25900c31-bcbe-5ee7-8a41-9c24aceb1102', '39072d25-7ed8-442d-a26b-e93771ba9192', '😂', now() - interval '1 day') ON CONFLICT DO NOTHING;
INSERT INTO public.osionos_message_reactions (message_id, user_id, emoji, created_at) VALUES ('39327a0e-98f8-5f04-b84b-caff0573b592', '7dabcb4d-8c96-4968-bb4d-34b8e5364274', '👍', now() - interval '1 day') ON CONFLICT DO NOTHING;
INSERT INTO public.osionos_message_reactions (message_id, user_id, emoji, created_at) VALUES ('5db5aee8-c6eb-57c3-8942-aeb8aba9c0fa', '9878850d-3024-4012-b03a-d3d7ccef377c', '👀', now() - interval '1 day') ON CONFLICT DO NOTHING;
INSERT INTO public.osionos_message_reactions (message_id, user_id, emoji, created_at) VALUES ('5db5aee8-c6eb-57c3-8942-aeb8aba9c0fa', '729e8625-6938-42aa-9f89-f4cdb4dab70e', '🔥', now() - interval '1 day') ON CONFLICT DO NOTHING;
INSERT INTO public.osionos_message_reactions (message_id, user_id, emoji, created_at) VALUES ('b857fc11-1b2a-55d3-a4d8-a767e2537d4f', '9878850d-3024-4012-b03a-d3d7ccef377c', '✅', now() - interval '1 day') ON CONFLICT DO NOTHING;
INSERT INTO public.osionos_message_reactions (message_id, user_id, emoji, created_at) VALUES ('ce991633-e50e-5362-9b85-a5886f5414a5', 'fb1bbb39-0d85-4bc5-ae58-2ad5a6079d57', '🔥', now() - interval '1 day') ON CONFLICT DO NOTHING;
INSERT INTO public.osionos_message_reactions (message_id, user_id, emoji, created_at) VALUES ('ce991633-e50e-5362-9b85-a5886f5414a5', 'b371611d-139f-454b-9195-2b655e1fe8a6', '🔥', now() - interval '1 day') ON CONFLICT DO NOTHING;
INSERT INTO public.osionos_message_reactions (message_id, user_id, emoji, created_at) VALUES ('a416601d-c374-5a0a-9657-74a535e83def', '4128e6d8-3a8a-48c7-bb96-cf8cf0ff6aa2', '🎯', now() - interval '1 day') ON CONFLICT DO NOTHING;
INSERT INTO public.osionos_message_reactions (message_id, user_id, emoji, created_at) VALUES ('a416601d-c374-5a0a-9657-74a535e83def', 'faf9aeda-e21e-42ab-80be-9ce0fd8662a1', '👍', now() - interval '1 day') ON CONFLICT DO NOTHING;
INSERT INTO public.osionos_message_reactions (message_id, user_id, emoji, created_at) VALUES ('af919a88-03f8-5630-8468-c13c7647a969', 'a3cefadb-2668-4f12-830c-14518e0a08f3', '✅', now() - interval '1 day') ON CONFLICT DO NOTHING;
INSERT INTO public.osionos_message_reactions (message_id, user_id, emoji, created_at) VALUES ('e73ee41c-60ba-5884-a030-d6a4ce3c3b37', '9946155f-cfcb-4ad4-99a4-6b5ed49ad24c', '👍', now() - interval '1 day') ON CONFLICT DO NOTHING;
INSERT INTO public.osionos_message_reactions (message_id, user_id, emoji, created_at) VALUES ('34816eb0-ac4b-5cab-9d9d-8aaa7ad37d74', '9946155f-cfcb-4ad4-99a4-6b5ed49ad24c', '✅', now() - interval '1 day') ON CONFLICT DO NOTHING;
INSERT INTO public.osionos_message_reactions (message_id, user_id, emoji, created_at) VALUES ('34816eb0-ac4b-5cab-9d9d-8aaa7ad37d74', '729e8625-6938-42aa-9f89-f4cdb4dab70e', '✅', now() - interval '1 day') ON CONFLICT DO NOTHING;
INSERT INTO public.osionos_message_reactions (message_id, user_id, emoji, created_at) VALUES ('263d97bc-f031-55ea-ae3a-880195184dc9', '9878850d-3024-4012-b03a-d3d7ccef377c', '🙏', now() - interval '1 day') ON CONFLICT DO NOTHING;
INSERT INTO public.osionos_feed_likes (page_id, user_id, created_at) VALUES ('0123ae7a-c7c3-587e-a3c5-758e8a5a43b1', '9878850d-3024-4012-b03a-d3d7ccef377c', now() - interval '5977 minutes') ON CONFLICT DO NOTHING;
INSERT INTO public.osionos_feed_likes (page_id, user_id, created_at) VALUES ('0123ae7a-c7c3-587e-a3c5-758e8a5a43b1', '4128e6d8-3a8a-48c7-bb96-cf8cf0ff6aa2', now() - interval '8836 minutes') ON CONFLICT DO NOTHING;
INSERT INTO public.osionos_feed_likes (page_id, user_id, created_at) VALUES ('0123ae7a-c7c3-587e-a3c5-758e8a5a43b1', '88e73a58-ffa3-4601-9be2-aaeb6559af28', now() - interval '3960 minutes') ON CONFLICT DO NOTHING;
INSERT INTO public.osionos_feed_likes (page_id, user_id, created_at) VALUES ('0123ae7a-c7c3-587e-a3c5-758e8a5a43b1', 'a3cefadb-2668-4f12-830c-14518e0a08f3', now() - interval '1825 minutes') ON CONFLICT DO NOTHING;
INSERT INTO public.osionos_feed_likes (page_id, user_id, created_at) VALUES ('0123ae7a-c7c3-587e-a3c5-758e8a5a43b1', 'faf9aeda-e21e-42ab-80be-9ce0fd8662a1', now() - interval '2860 minutes') ON CONFLICT DO NOTHING;
INSERT INTO public.osionos_feed_likes (page_id, user_id, created_at) VALUES ('0123ae7a-c7c3-587e-a3c5-758e8a5a43b1', 'fb1bbb39-0d85-4bc5-ae58-2ad5a6079d57', now() - interval '5708 minutes') ON CONFLICT DO NOTHING;
INSERT INTO public.osionos_feed_likes (page_id, user_id, created_at) VALUES ('d9f751ad-5813-523b-811c-2ffed905da54', '7ba66e73-e7aa-4cba-a39c-8b0e43c06ec3', now() - interval '5173 minutes') ON CONFLICT DO NOTHING;
INSERT INTO public.osionos_feed_likes (page_id, user_id, created_at) VALUES ('d9f751ad-5813-523b-811c-2ffed905da54', 'faf9aeda-e21e-42ab-80be-9ce0fd8662a1', now() - interval '6539 minutes') ON CONFLICT DO NOTHING;
INSERT INTO public.osionos_feed_likes (page_id, user_id, created_at) VALUES ('d9f751ad-5813-523b-811c-2ffed905da54', '9946155f-cfcb-4ad4-99a4-6b5ed49ad24c', now() - interval '3160 minutes') ON CONFLICT DO NOTHING;
INSERT INTO public.osionos_feed_likes (page_id, user_id, created_at) VALUES ('d9f751ad-5813-523b-811c-2ffed905da54', 'e100fa34-6da5-4212-863b-55d041585e96', now() - interval '5851 minutes') ON CONFLICT DO NOTHING;
INSERT INTO public.osionos_feed_likes (page_id, user_id, created_at) VALUES ('61b17d73-9a46-5f10-a4d3-0f9218814336', '9878850d-3024-4012-b03a-d3d7ccef377c', now() - interval '4593 minutes') ON CONFLICT DO NOTHING;
INSERT INTO public.osionos_feed_likes (page_id, user_id, created_at) VALUES ('61b17d73-9a46-5f10-a4d3-0f9218814336', '9946155f-cfcb-4ad4-99a4-6b5ed49ad24c', now() - interval '3467 minutes') ON CONFLICT DO NOTHING;
INSERT INTO public.osionos_feed_likes (page_id, user_id, created_at) VALUES ('61b17d73-9a46-5f10-a4d3-0f9218814336', '4fdd8889-ee0d-41c9-adf3-ddcc9c71955f', now() - interval '1791 minutes') ON CONFLICT DO NOTHING;
INSERT INTO public.osionos_feed_likes (page_id, user_id, created_at) VALUES ('61b17d73-9a46-5f10-a4d3-0f9218814336', 'ccbcc0cf-f94c-469c-8943-d9aeebf0140e', now() - interval '3221 minutes') ON CONFLICT DO NOTHING;
INSERT INTO public.osionos_feed_likes (page_id, user_id, created_at) VALUES ('61b17d73-9a46-5f10-a4d3-0f9218814336', 'edf4ac74-3e63-49cc-8bbb-71d9aa3c09b0', now() - interval '2632 minutes') ON CONFLICT DO NOTHING;
INSERT INTO public.osionos_feed_likes (page_id, user_id, created_at) VALUES ('c50c3ce2-5071-532d-82fe-e44e7fe9118f', '4fdd8889-ee0d-41c9-adf3-ddcc9c71955f', now() - interval '6831 minutes') ON CONFLICT DO NOTHING;
INSERT INTO public.osionos_feed_likes (page_id, user_id, created_at) VALUES ('c50c3ce2-5071-532d-82fe-e44e7fe9118f', 'b371611d-139f-454b-9195-2b655e1fe8a6', now() - interval '2309 minutes') ON CONFLICT DO NOTHING;
INSERT INTO public.osionos_feed_likes (page_id, user_id, created_at) VALUES ('c50c3ce2-5071-532d-82fe-e44e7fe9118f', 'fc15e717-3cdf-4862-abce-8ea2e3be771f', now() - interval '8766 minutes') ON CONFLICT DO NOTHING;
INSERT INTO public.osionos_feed_likes (page_id, user_id, created_at) VALUES ('c50c3ce2-5071-532d-82fe-e44e7fe9118f', '7d93f34c-0b8e-4e2c-91f1-acf03d8842e2', now() - interval '8801 minutes') ON CONFLICT DO NOTHING;
INSERT INTO public.osionos_feed_likes (page_id, user_id, created_at) VALUES ('b7307548-1e39-58b9-b3c3-e67f64700a35', 'a3cefadb-2668-4f12-830c-14518e0a08f3', now() - interval '1251 minutes') ON CONFLICT DO NOTHING;
INSERT INTO public.osionos_feed_likes (page_id, user_id, created_at) VALUES ('b7307548-1e39-58b9-b3c3-e67f64700a35', 'edf4ac74-3e63-49cc-8bbb-71d9aa3c09b0', now() - interval '1756 minutes') ON CONFLICT DO NOTHING;
INSERT INTO public.osionos_feed_likes (page_id, user_id, created_at) VALUES ('b7307548-1e39-58b9-b3c3-e67f64700a35', '99389d8f-5186-4bbb-a426-faf8fb91bc69', now() - interval '7166 minutes') ON CONFLICT DO NOTHING;
INSERT INTO public.osionos_feed_likes (page_id, user_id, created_at) VALUES ('b7307548-1e39-58b9-b3c3-e67f64700a35', 'e100fa34-6da5-4212-863b-55d041585e96', now() - interval '875 minutes') ON CONFLICT DO NOTHING;
INSERT INTO public.osionos_feed_likes (page_id, user_id, created_at) VALUES ('0a02865f-15a9-516c-a54d-11448621a04a', '5540b1cb-b294-414d-a2c4-03087dd44a91', now() - interval '7072 minutes') ON CONFLICT DO NOTHING;
INSERT INTO public.osionos_feed_likes (page_id, user_id, created_at) VALUES ('0a02865f-15a9-516c-a54d-11448621a04a', '729e8625-6938-42aa-9f89-f4cdb4dab70e', now() - interval '4731 minutes') ON CONFLICT DO NOTHING;
INSERT INTO public.osionos_feed_likes (page_id, user_id, created_at) VALUES ('0a02865f-15a9-516c-a54d-11448621a04a', 'fb1bbb39-0d85-4bc5-ae58-2ad5a6079d57', now() - interval '1188 minutes') ON CONFLICT DO NOTHING;
INSERT INTO public.osionos_feed_likes (page_id, user_id, created_at) VALUES ('248cfe48-81c6-51f9-92ca-61a049a6ad0a', 'faf9aeda-e21e-42ab-80be-9ce0fd8662a1', now() - interval '3875 minutes') ON CONFLICT DO NOTHING;
INSERT INTO public.osionos_feed_likes (page_id, user_id, created_at) VALUES ('248cfe48-81c6-51f9-92ca-61a049a6ad0a', '9878850d-3024-4012-b03a-d3d7ccef377c', now() - interval '8931 minutes') ON CONFLICT DO NOTHING;
INSERT INTO public.osionos_feed_likes (page_id, user_id, created_at) VALUES ('248cfe48-81c6-51f9-92ca-61a049a6ad0a', '9946155f-cfcb-4ad4-99a4-6b5ed49ad24c', now() - interval '8935 minutes') ON CONFLICT DO NOTHING;
INSERT INTO public.osionos_feed_likes (page_id, user_id, created_at) VALUES ('248cfe48-81c6-51f9-92ca-61a049a6ad0a', '7ba66e73-e7aa-4cba-a39c-8b0e43c06ec3', now() - interval '1553 minutes') ON CONFLICT DO NOTHING;
INSERT INTO public.osionos_feed_likes (page_id, user_id, created_at) VALUES ('248cfe48-81c6-51f9-92ca-61a049a6ad0a', '39072d25-7ed8-442d-a26b-e93771ba9192', now() - interval '4814 minutes') ON CONFLICT DO NOTHING;
INSERT INTO public.osionos_feed_likes (page_id, user_id, created_at) VALUES ('248cfe48-81c6-51f9-92ca-61a049a6ad0a', '7dabcb4d-8c96-4968-bb4d-34b8e5364274', now() - interval '698 minutes') ON CONFLICT DO NOTHING;
INSERT INTO public.osionos_feed_likes (page_id, user_id, created_at) VALUES ('9971834b-9a3a-503f-8d21-b6ecf5458285', '88e73a58-ffa3-4601-9be2-aaeb6559af28', now() - interval '1715 minutes') ON CONFLICT DO NOTHING;
INSERT INTO public.osionos_feed_likes (page_id, user_id, created_at) VALUES ('9971834b-9a3a-503f-8d21-b6ecf5458285', '5540b1cb-b294-414d-a2c4-03087dd44a91', now() - interval '2746 minutes') ON CONFLICT DO NOTHING;
INSERT INTO public.osionos_feed_likes (page_id, user_id, created_at) VALUES ('9971834b-9a3a-503f-8d21-b6ecf5458285', 'e100fa34-6da5-4212-863b-55d041585e96', now() - interval '3932 minutes') ON CONFLICT DO NOTHING;
INSERT INTO public.osionos_feed_likes (page_id, user_id, created_at) VALUES ('bc41efa6-83ba-50a9-a086-c71554f7b9dc', 'ccbcc0cf-f94c-469c-8943-d9aeebf0140e', now() - interval '7227 minutes') ON CONFLICT DO NOTHING;
INSERT INTO public.osionos_feed_likes (page_id, user_id, created_at) VALUES ('bc41efa6-83ba-50a9-a086-c71554f7b9dc', '920b7e0b-a87d-400d-8169-f2f521bfe5ad', now() - interval '5480 minutes') ON CONFLICT DO NOTHING;
INSERT INTO public.osionos_feed_likes (page_id, user_id, created_at) VALUES ('bc41efa6-83ba-50a9-a086-c71554f7b9dc', '88e73a58-ffa3-4601-9be2-aaeb6559af28', now() - interval '7887 minutes') ON CONFLICT DO NOTHING;
INSERT INTO public.osionos_feed_likes (page_id, user_id, created_at) VALUES ('bc41efa6-83ba-50a9-a086-c71554f7b9dc', '7ba66e73-e7aa-4cba-a39c-8b0e43c06ec3', now() - interval '6311 minutes') ON CONFLICT DO NOTHING;
INSERT INTO public.osionos_feed_likes (page_id, user_id, created_at) VALUES ('515676eb-f9d1-5fb8-870b-ec0664ec46b7', 'faf9aeda-e21e-42ab-80be-9ce0fd8662a1', now() - interval '6762 minutes') ON CONFLICT DO NOTHING;
INSERT INTO public.osionos_feed_likes (page_id, user_id, created_at) VALUES ('515676eb-f9d1-5fb8-870b-ec0664ec46b7', '9878850d-3024-4012-b03a-d3d7ccef377c', now() - interval '2089 minutes') ON CONFLICT DO NOTHING;
INSERT INTO public.osionos_feed_likes (page_id, user_id, created_at) VALUES ('515676eb-f9d1-5fb8-870b-ec0664ec46b7', '729e8625-6938-42aa-9f89-f4cdb4dab70e', now() - interval '8900 minutes') ON CONFLICT DO NOTHING;
INSERT INTO public.osionos_feed_likes (page_id, user_id, created_at) VALUES ('515676eb-f9d1-5fb8-870b-ec0664ec46b7', '4128e6d8-3a8a-48c7-bb96-cf8cf0ff6aa2', now() - interval '5717 minutes') ON CONFLICT DO NOTHING;
INSERT INTO public.osionos_feed_likes (page_id, user_id, created_at) VALUES ('515676eb-f9d1-5fb8-870b-ec0664ec46b7', 'fc15e717-3cdf-4862-abce-8ea2e3be771f', now() - interval '2295 minutes') ON CONFLICT DO NOTHING;
INSERT INTO public.osionos_feed_comments (id, page_id, author_id, content, created_at) VALUES ('fd434992-a5d3-594a-a8d7-5f1160e33f23', 'bc41efa6-83ba-50a9-a086-c71554f7b9dc', '88e73a58-ffa3-4601-9be2-aaeb6559af28', 'Custody log for EV-0042 updated — please re-verify.', now() - interval '4300 minutes') ON CONFLICT (id) DO NOTHING;
INSERT INTO public.osionos_feed_comments (id, page_id, author_id, content, created_at) VALUES ('d406c7fb-4471-517a-9591-920485547dc4', 'bc41efa6-83ba-50a9-a086-c71554f7b9dc', 'ccbcc0cf-f94c-469c-8943-d9aeebf0140e', 'Re-verification booked for Thursday. EV-0055 deep check still running.', now() - interval '4180 minutes') ON CONFLICT (id) DO NOTHING;
INSERT INTO public.osionos_feed_comments (id, page_id, author_id, content, created_at) VALUES ('a6504738-53b0-525b-9b7e-87f7ba305386', '61b17d73-9a46-5f10-a4d3-0f9218814336', 'ccbcc0cf-f94c-469c-8943-d9aeebf0140e', 'Reminder: EV-0055 stays out of the referral package until my report lands.', now() - interval '3900 minutes') ON CONFLICT (id) DO NOTHING;
INSERT INTO public.osionos_feed_comments (id, page_id, author_id, content, created_at) VALUES ('3f840176-a0d0-5208-9a86-51132e2a680e', '61b17d73-9a46-5f10-a4d3-0f9218814336', 'e100fa34-6da5-4212-863b-55d041585e96', 'Exhibit list reviewed — clean without the tape. Ship it Wednesday.', now() - interval '3700 minutes') ON CONFLICT (id) DO NOTHING;
INSERT INTO public.osionos_feed_comments (id, page_id, author_id, content, created_at) VALUES ('b57a9e96-7454-5608-9367-3b695e87ffcb', '0123ae7a-c7c3-587e-a3c5-758e8a5a43b1', '4128e6d8-3a8a-48c7-bb96-cf8cf0ff6aa2', 'TXN pattern memo linked — the 3.1× density figure is the headline for Thursday.', now() - interval '5200 minutes') ON CONFLICT (id) DO NOTHING;
INSERT INTO public.osionos_feed_comments (id, page_id, author_id, content, created_at) VALUES ('7e8a9a84-6a34-5b74-b98a-558a4df5dbbe', '0123ae7a-c7c3-587e-a3c5-758e8a5a43b1', 'e100fa34-6da5-4212-863b-55d041585e96', 'COMM-0139 is privileged — do not quote it here, reference the id only.', now() - interval '5100 minutes') ON CONFLICT (id) DO NOTHING;
INSERT INTO public.osionos_feed_comments (id, page_id, author_id, content, created_at) VALUES ('a0fe35f9-2dca-50f0-bf82-f49239722708', 'b7307548-1e39-58b9-b3c3-e67f64700a35', 'e100fa34-6da5-4212-863b-55d041585e96', 'All Petrov intercepts screened this week — two released to analysis, one held.', now() - interval '2900 minutes') ON CONFLICT (id) DO NOTHING;
INSERT INTO public.osionos_feed_comments (id, page_id, author_id, content, created_at) VALUES ('c42933c9-0c47-5a4b-9923-f6d4bce213a7', 'b7307548-1e39-58b9-b3c3-e67f64700a35', 'edf4ac74-3e63-49cc-8bbb-71d9aa3c09b0', 'Static post log sealed and handed off — both ends signed this time.', now() - interval '2800 minutes') ON CONFLICT (id) DO NOTHING;
INSERT INTO public.osionos_feed_comments (id, page_id, author_id, content, created_at) VALUES ('46ff3f9f-61ab-5ff7-b988-12a1ff5a5e26', 'c50c3ce2-5071-532d-82fe-e44e7fe9118f', 'fc15e717-3cdf-4862-abce-8ea2e3be771f', 'Casino credit reconciliation: residual down to two lines. Update on the wiki.', now() - interval '2400 minutes') ON CONFLICT (id) DO NOTHING;
INSERT INTO public.osionos_feed_comments (id, page_id, author_id, content, created_at) VALUES ('c08c32b9-d9eb-5123-9bd1-33d04ae7c36e', '0a02865f-15a9-516c-a54d-11448621a04a', 'fb1bbb39-0d85-4bc5-ae58-2ad5a6079d57', 'Kestrel Marine raised to elevated on the watchlist — two-signal rule met.', now() - interval '2000 minutes') ON CONFLICT (id) DO NOTHING;
INSERT INTO public.osionos_feed_comments (id, page_id, author_id, content, created_at) VALUES ('2f529989-be6e-5341-93fa-cf6922d77011', 'd9f751ad-5813-523b-811c-2ffed905da54', 'faf9aeda-e21e-42ab-80be-9ce0fd8662a1', 'Excellent retrospective. The Westport recurrence note directly feeds Nightfall.', now() - interval '6100 minutes') ON CONFLICT (id) DO NOTHING;
INSERT INTO public.osionos_feed_comments (id, page_id, author_id, content, created_at) VALUES ('081762bd-0ef5-5400-9cc9-b567aca00caa', '248cfe48-81c6-51f9-92ca-61a049a6ad0a', '39072d25-7ed8-442d-a26b-e93771ba9192', 'Onboarding checklist is genuinely useful — finished week one with zero surprises.', now() - interval '7000 minutes') ON CONFLICT (id) DO NOTHING;
INSERT INTO public.osionos_feed_comments (id, page_id, author_id, content, created_at) VALUES ('af16bfa7-95db-5fd8-90bc-c173e9a7978d', '515676eb-f9d1-5fb8-870b-ec0664ec46b7', '9878850d-3024-4012-b03a-d3d7ccef377c', 'Live board is now the agenda for Monday triage — keep statuses current.', now() - interval '8000 minutes') ON CONFLICT (id) DO NOTHING;
INSERT INTO public.osionos_feed_comments (id, page_id, author_id, content, created_at) VALUES ('91646c25-89d0-5cba-b6e8-40ae55d554e7', '9971834b-9a3a-503f-8d21-b6ecf5458285', '5540b1cb-b294-414d-a2c4-03087dd44a91', 'Contact-report-within-12h rule acknowledged. Filed tonight''s from the yard.', now() - interval '3300 minutes') ON CONFLICT (id) DO NOTHING;
COMMIT;
